x.1_2	x.1_3	x.1_4	x.1_5	x.2_3	x.2_4	x.2_5	x.3_4	x.3_5	x.4_5	y.1_2	y.1_3	y.1_4	y.1_5	y.2_3	y.2_4	y.2_5	y.3_4	y.3_5	y.4_5	p.value.1_2	p.value.1_3	p.value.1_4	p.value.1_5	p.value.2_3	p.value.2_4	p.value.2_5	p.value.3_4	p.value.3_5	p.value.4_5
1	1	1	1	2	2	2	3	3	4	4.795716154446726	4.795716154446726	4.795716154446726	4.795716154446726	4.639383247445561	4.639383247445561	4.639383247445561	4.764292103397272	4.764292103397272	4.621876825601225	NaN	NaN	NaN	NaN	NaN	NaN	NaN	NaN	NaN	NaN
1	1	1	1	2	2	2	3	3	4	7.758969175298857	7.758969175298857	7.758969175298857	7.758969175298857	7.758969175298857	7.758969175298857	7.758969175298857	7.758969175298857	7.758969175298857	7.758969175298857	NaN	NaN	NaN	NaN	NaN	NaN	NaN	NaN	NaN	NaN
1.5	2	2.5	3	2.5	3	3.5	3.5	4	4.5	7.758969175298857	7.758969175298857	7.758969175298857	7.758969175298857	7.758969175298857	7.758969175298857	7.758969175298857	7.758969175298857	7.758969175298857	7.758969175298857	7.439751101444152e-8	1.0013735868752057e-4	0.33458027648439675	1.4534741363464645e-21	0.15422579902791003	1.773416181758226e-10	2.5933913517704493e-51	1.3457699383233774e-6	7.585061165795475e-41	8.747227815387832e-18
2	3	4	5	3	4	5	4	5	5	7.758969175298857	7.758969175298857	7.758969175298857	7.758969175298857	7.758969175298857	7.758969175298857	7.758969175298857	7.758969175298857	7.758969175298857	7.758969175298857	NaN	NaN	NaN	NaN	NaN	NaN	NaN	NaN	NaN	NaN
2	3	4	5	3	4	5	4	5	5	4.639383247445561	4.764292103397272	4.621876825601225	5.2217665713790105	4.764292103397272	4.621876825601225	5.2217665713790105	4.621876825601225	5.2217665713790105	5.2217665713790105	NaN	NaN	NaN	NaN	NaN	NaN	NaN	NaN	NaN	NaN
