x.1_2	x.1_3	x.2_3	y.1_2	y.1_3	y.2_3	p.value.1_2	p.value.1_3	p.value.2_3
1	1	2	7.127024577489864	7.127024577489864	8.278085068837722	NaN	NaN	NaN
1	1	2	9.332168396929223	9.332168396929223	9.332168396929223	NaN	NaN	NaN
1.5	2	2.5	9.332168396929223	9.332168396929223	9.332168396929223	6.455087450144588e-27	3.4986887079831107e-160	9.742331319535298e-60
2	3	3	9.332168396929223	9.332168396929223	9.332168396929223	NaN	NaN	NaN
2	3	3	8.278085068837722	7.7667795510514	7.7667795510514	NaN	NaN	NaN
