x.1_2	x.3_4	x.5_6	x.7_8	x.9_10	y.1_2	y.3_4	y.5_6	y.7_8	y.9_10	p.value.1_2	p.value.3_4	p.value.5_6	p.value.7_8	p.value.9_10
1	3	5	7	9	5.828797037016773	6.512788822671229	5.862510947423255	5.669233831680393	5.83944137108758	NaN	NaN	NaN	NaN	NaN
1	3	5	7	9	9.36730573333132	9.36730573333132	9.36730573333132	9.36730573333132	9.36730573333132	NaN	NaN	NaN	NaN	NaN
1.5	3.5	5.5	7.5	9.5	9.36730573333132	9.36730573333132	9.36730573333132	9.36730573333132	9.36730573333132	0.025653117350393773	0.013433880708587148	8.227954033739197e-4	1.3183783925401504e-5	0.0013185294045445827
2	4	6	8	10	9.36730573333132	9.36730573333132	9.36730573333132	9.36730573333132	9.36730573333132	NaN	NaN	NaN	NaN	NaN
2	4	6	8	10	5.828797037016773	6.512788822671229	5.862510947423255	5.669233831680393	5.83944137108758	NaN	NaN	NaN	NaN	NaN
