x.1_2	x.1_3	x.2_3	y.1_2	y.1_3	y.2_3	p.value.1_2	p.value.1_3	p.value.2_3
1	1	2	5.2217665713790105	5.2217665713790105	4.5791884201988395	NaN	NaN	NaN
1	1	2	7.758969175298857	7.758969175298857	7.758969175298857	NaN	NaN	NaN
1.5	2	2.5	7.758969175298857	7.758969175298857	7.758969175298857	3.569968362879187e-225	0	2.2511284540195702e-9
2	3	3	7.758969175298857	7.758969175298857	7.758969175298857	NaN	NaN	NaN
2	3	3	4.5791884201988395	4.795716154446726	4.795716154446726	NaN	NaN	NaN
