x.1_2	x.1_3	x.1_4	x.1_5	x.2_3	x.2_4	x.2_5	x.3_4	x.3_5	x.4_5	y.1_2	y.1_3	y.1_4	y.1_5	y.2_3	y.2_4	y.2_5	y.3_4	y.3_5	y.4_5	p.value.1_2	p.value.1_3	p.value.1_4	p.value.1_5	p.value.2_3	p.value.2_4	p.value.2_5	p.value.3_4	p.value.3_5	p.value.4_5
1	1	1	1	2	2	2	3	3	4	6.803041137516631	6.803041137516631	6.803041137516631	6.803041137516631	5.251041148516762	5.251041148516762	5.251041148516762	5.910532205915302	5.910532205915302	6.159990607606225	NaN	NaN	NaN	NaN	NaN	NaN	NaN	NaN	NaN	NaN
1	1	1	1	2	2	2	3	3	4	7.758969175298857	7.758969175298857	7.758969175298857	7.758969175298857	7.758969175298857	7.758969175298857	7.758969175298857	7.758969175298857	7.758969175298857	7.758969175298857	NaN	NaN	NaN	NaN	NaN	NaN	NaN	NaN	NaN	NaN
1.5	2	2.5	3	2.5	3	3.5	3.5	4	4.5	7.758969175298857	7.758969175298857	7.758969175298857	7.758969175298857	7.758969175298857	7.758969175298857	7.758969175298857	7.758969175298857	7.758969175298857	7.758969175298857	0.8869471082009773	0.3732709624834891	0.034904079457038516	3.082622190013513e-6	0.44335686806436647	0.016273978820985847	3.075109440301639e-7	0.0014380015348017079	5.976678804976703e-9	0.0068328128751516445
2	3	4	5	3	4	5	4	5	5	7.758969175298857	7.758969175298857	7.758969175298857	7.758969175298857	7.758969175298857	7.758969175298857	7.758969175298857	7.758969175298857	7.758969175298857	7.758969175298857	NaN	NaN	NaN	NaN	NaN	NaN	NaN	NaN	NaN	NaN
2	3	4	5	3	4	5	4	5	5	5.251041148516762	5.910532205915302	6.159990607606225	5.309954928489611	5.910532205915302	6.159990607606225	5.309954928489611	6.159990607606225	5.309954928489611	5.309954928489611	NaN	NaN	NaN	NaN	NaN	NaN	NaN	NaN	NaN	NaN
