x.1_2	x.3_4	x.5_6	x.7_8	x.9_10	y.1_2	y.3_4	y.5_6	y.7_8	y.9_10	p.value.1_2	p.value.3_4	p.value.5_6	p.value.7_8	p.value.9_10
1	3	5	7	9	5.828797037016773	6.512788822671229	5.862510947423255	5.669233831680393	5.83944137108758	NaN	NaN	NaN	NaN	NaN
1	3	5	7	9	9.36730573333132	9.36730573333132	9.36730573333132	9.36730573333132	9.36730573333132	NaN	NaN	NaN	NaN	NaN
1.5	3.5	5.5	7.5	9.5	9.36730573333132	9.36730573333132	9.36730573333132	9.36730573333132	9.36730573333132	1.8876770749389295e-6	4.5427368788764934e-8	8.453372667392486e-5	0.04049934477920045	0.0029722801142611096
2	4	6	8	10	9.36730573333132	9.36730573333132	9.36730573333132	9.36730573333132	9.36730573333132	NaN	NaN	NaN	NaN	NaN
2	4	6	8	10	5.828797037016773	6.512788822671229	5.862510947423255	5.669233831680393	5.83944137108758	NaN	NaN	NaN	NaN	NaN
