x.1_2	x.3_4	x.5_6	x.7_8	x.9_10	y.1_2	y.3_4	y.5_6	y.7_8	y.9_10	p.value.1_2	p.value.3_4	p.value.5_6	p.value.7_8	p.value.9_10
1	3	5	7	9	4.86798436060439	5.467124908206164	4.981889652808775	5.8156241228288685	5.767145587521448	NaN	NaN	NaN	NaN	NaN
1	3	5	7	9	9.36730573333132	9.36730573333132	9.36730573333132	9.36730573333132	9.36730573333132	NaN	NaN	NaN	NaN	NaN
1.5	3.5	5.5	7.5	9.5	9.36730573333132	9.36730573333132	9.36730573333132	9.36730573333132	9.36730573333132	5.775095751806489e-6	1.3181408961862228e-10	1.0068095689250277e-22	1.235121316585542e-21	7.689242964371147e-4
2	4	6	8	10	9.36730573333132	9.36730573333132	9.36730573333132	9.36730573333132	9.36730573333132	NaN	NaN	NaN	NaN	NaN
2	4	6	8	10	4.86798436060439	5.467124908206164	4.981889652808775	5.8156241228288685	5.767145587521448	NaN	NaN	NaN	NaN	NaN
