x.1_2	x.3_4	x.5_6	x.7_8	x.9_10	y.1_2	y.3_4	y.5_6	y.7_8	y.9_10	p.value.1_2	p.value.3_4	p.value.5_6	p.value.7_8	p.value.9_10
1	3	5	7	9	7.2112279328816875	7.252750470529753	6.042653898809457	6.3215753720570484	7.220807437436939	NaN	NaN	NaN	NaN	NaN
1	3	5	7	9	9.36730573333132	9.36730573333132	9.36730573333132	9.36730573333132	9.36730573333132	NaN	NaN	NaN	NaN	NaN
1.5	3.5	5.5	7.5	9.5	9.36730573333132	9.36730573333132	9.36730573333132	9.36730573333132	9.36730573333132	1.0067071198923307e-16	2.6584033959012795e-20	2.859338545680359e-14	3.703554521695465e-5	0.19351469975378668
2	4	6	8	10	9.36730573333132	9.36730573333132	9.36730573333132	9.36730573333132	9.36730573333132	NaN	NaN	NaN	NaN	NaN
2	4	6	8	10	7.2112279328816875	7.252750470529753	6.042653898809457	6.3215753720570484	7.220807437436939	NaN	NaN	NaN	NaN	NaN
