x.1_2	x.1_3	x.2_3	y.1_2	y.1_3	y.2_3	p.value.1_2	p.value.1_3	p.value.2_3
1	1	2	6.716132206503305	6.716132206503305	6.34704574860464	NaN	NaN	NaN
1	1	2	9.332168396929223	9.332168396929223	9.332168396929223	NaN	NaN	NaN
1.5	2	2.5	9.332168396929223	9.332168396929223	9.332168396929223	4.130588562491662e-24	1.4622311974949535e-118	3.677459644675528e-40
2	3	3	9.332168396929223	9.332168396929223	9.332168396929223	NaN	NaN	NaN
2	3	3	6.34704574860464	6.634784682488011	6.634784682488011	NaN	NaN	NaN
