x.1_2	x.1_3	x.2_3	y.1_2	y.1_3	y.2_3	p.value.1_2	p.value.1_3	p.value.2_3
1	1	2	8.310028101930536	8.310028101930536	8.26850556428247	NaN	NaN	NaN
1	1	2	9.36730573333132	9.36730573333132	9.36730573333132	NaN	NaN	NaN
1.5	2	2.5	9.36730573333132	9.36730573333132	9.36730573333132	0	0	1.9746525965588757e-5
2	3	3	9.36730573333132	9.36730573333132	9.36730573333132	NaN	NaN	NaN
2	3	3	8.26850556428247	7.141413131637217	7.141413131637217	NaN	NaN	NaN
