x.1_2	x.1_3	x.2_3	y.1_2	y.1_3	y.2_3	p.value.1_2	p.value.1_3	p.value.2_3
1	1	2	7.570066454072013	7.570066454072013	6.896719002488363	NaN	NaN	NaN
1	1	2	9.36730573333132	9.36730573333132	9.36730573333132	NaN	NaN	NaN
1.5	2	2.5	9.36730573333132	9.36730573333132	9.36730573333132	3.572826762641685e-159	1.9761617755365186e-127	0.4350057733866545
2	3	3	9.36730573333132	9.36730573333132	9.36730573333132	NaN	NaN	NaN
2	3	3	6.896719002488363	6.726511463081176	6.726511463081176	NaN	NaN	NaN
