x.1_2	x.1_3	x.1_4	x.1_5	x.2_3	x.2_4	x.2_5	x.3_4	x.3_5	x.4_5	y.1_2	y.1_3	y.1_4	y.1_5	y.2_3	y.2_4	y.2_5	y.3_4	y.3_5	y.4_5	p.value.1_2	p.value.1_3	p.value.1_4	p.value.1_5	p.value.2_3	p.value.2_4	p.value.2_5	p.value.3_4	p.value.3_5	p.value.4_5
1	1	1	1	2	2	2	3	3	4	8.26850556428247	8.26850556428247	8.26850556428247	8.26850556428247	8.310028101930536	8.310028101930536	8.310028101930536	7.09993153021024	7.09993153021024	7.378853003457832	NaN	NaN	NaN	NaN	NaN	NaN	NaN	NaN	NaN	NaN
1	1	1	1	2	2	2	3	3	4	9.36730573333132	9.36730573333132	9.36730573333132	9.36730573333132	9.36730573333132	9.36730573333132	9.36730573333132	9.36730573333132	9.36730573333132	9.36730573333132	NaN	NaN	NaN	NaN	NaN	NaN	NaN	NaN	NaN	NaN
1.5	2	2.5	3	2.5	3	3.5	3.5	4	4.5	9.36730573333132	9.36730573333132	9.36730573333132	9.36730573333132	9.36730573333132	9.36730573333132	9.36730573333132	9.36730573333132	9.36730573333132	9.36730573333132	0.8488088228475499	6.272921577823706e-34	3.4933483433025796e-171	0	3.6892778033466794e-32	5.966295960459535e-165	0	4.082259836942861e-57	0	1.866323170742961e-108
2	3	4	5	3	4	5	4	5	5	9.36730573333132	9.36730573333132	9.36730573333132	9.36730573333132	9.36730573333132	9.36730573333132	9.36730573333132	9.36730573333132	9.36730573333132	9.36730573333132	NaN	NaN	NaN	NaN	NaN	NaN	NaN	NaN	NaN	NaN
2	3	4	5	3	4	5	4	5	5	8.310028101930536	7.09993153021024	7.378853003457832	8.278085068837722	7.09993153021024	7.378853003457832	8.278085068837722	7.378853003457832	8.278085068837722	8.278085068837722	NaN	NaN	NaN	NaN	NaN	NaN	NaN	NaN	NaN	NaN
