x.1_2	x.1_3	x.1_4	x.1_5	x.2_3	x.2_4	x.2_5	x.3_4	x.3_5	x.4_5	y.1_2	y.1_3	y.1_4	y.1_5	y.2_3	y.2_4	y.2_5	y.3_4	y.3_5	y.4_5	p.value.1_2	p.value.1_3	p.value.1_4	p.value.1_5	p.value.2_3	p.value.2_4	p.value.2_5	p.value.3_4	p.value.3_5	p.value.4_5
1	1	1	1	2	2	2	3	3	4	5.925261992005173	5.925261992005173	5.925261992005173	5.925261992005173	6.524402539606947	6.524402539606947	6.524402539606947	6.039167284209558	6.039167284209558	6.872901754229652	NaN	NaN	NaN	NaN	NaN	NaN	NaN	NaN	NaN	NaN
1	1	1	1	2	2	2	3	3	4	9.36730573333132	9.36730573333132	9.36730573333132	9.36730573333132	9.36730573333132	9.36730573333132	9.36730573333132	9.36730573333132	9.36730573333132	9.36730573333132	NaN	NaN	NaN	NaN	NaN	NaN	NaN	NaN	NaN	NaN
1.5	2	2.5	3	2.5	3	3.5	3.5	4	4.5	9.36730573333132	9.36730573333132	9.36730573333132	9.36730573333132	9.36730573333132	9.36730573333132	9.36730573333132	9.36730573333132	9.36730573333132	9.36730573333132	1.7642855942180982e-12	3.09841251458661e-5	6.492719426057632e-29	1.2385699900814907e-212	0.007031318113415857	4.186084987701621e-67	3.4403149615715015e-283	8.831615884418057e-48	1.5879343897765344e-245	1.9205665774542895e-92
2	3	4	5	3	4	5	4	5	5	9.36730573333132	9.36730573333132	9.36730573333132	9.36730573333132	9.36730573333132	9.36730573333132	9.36730573333132	9.36730573333132	9.36730573333132	9.36730573333132	NaN	NaN	NaN	NaN	NaN	NaN	NaN	NaN	NaN	NaN
2	3	4	5	3	4	5	4	5	5	6.524402539606947	6.039167284209558	6.872901754229652	6.824423218922231	6.039167284209558	6.872901754229652	6.824423218922231	6.872901754229652	6.824423218922231	6.824423218922231	NaN	NaN	NaN	NaN	NaN	NaN	NaN	NaN	NaN	NaN
