x.1_2	x.1_3	x.2_3	y.1_2	y.1_3	y.2_3	p.value.1_2	p.value.1_3	p.value.2_3
1	1	2	4.522611732138259	4.522611732138259	4.764292103397272	NaN	NaN	NaN
1	1	2	7.758969175298857	7.758969175298857	7.758969175298857	NaN	NaN	NaN
1.5	2	2.5	7.758969175298857	7.758969175298857	7.758969175298857	1.2937787449128382e-54	4.973784935707903e-201	2.1932935880702373e-53
2	3	3	7.758969175298857	7.758969175298857	7.758969175298857	NaN	NaN	NaN
2	3	3	4.764292103397272	5.2217665713790105	5.2217665713790105	NaN	NaN	NaN
