x.1_2	x.1_3	x.2_3	y.1_2	y.1_3	y.2_3	p.value.1_2	p.value.1_3	p.value.2_3
1	1	2	5.345500513627575	5.345500513627575	5.40984368064081	NaN	NaN	NaN
1	1	2	7.758969175298857	7.758969175298857	7.758969175298857	NaN	NaN	NaN
1.5	2	2.5	7.758969175298857	7.758969175298857	7.758969175298857	8.729094643739406e-80	3.889168558015978e-204	1.1377057048512136e-35
2	3	3	7.758969175298857	7.758969175298857	7.758969175298857	NaN	NaN	NaN
2	3	3	5.40984368064081	5.858855603588328	5.858855603588328	NaN	NaN	NaN
