x.1_2	x.3_4	x.5_6	x.7_8	x.9_10	y.1_2	y.3_4	y.5_6	y.7_8	y.9_10	p.value.1_2	p.value.3_4	p.value.5_6	p.value.7_8	p.value.9_10
1	3	5	7	9	3.8397881166645007	3.683455209663336	3.808364065615047	3.6659487878189996	4.265838533596785	NaN	NaN	NaN	NaN	NaN
1	3	5	7	9	7.758969175298857	7.758969175298857	7.758969175298857	7.758969175298857	7.758969175298857	NaN	NaN	NaN	NaN	NaN
1.5	3.5	5.5	7.5	9.5	7.758969175298857	7.758969175298857	7.758969175298857	7.758969175298857	7.758969175298857	0.21638485013526068	0.005110105796596075	2.9997748314197265e-14	5.907299607390171e-13	4.766060206189589e-6
2	4	6	8	10	7.758969175298857	7.758969175298857	7.758969175298857	7.758969175298857	7.758969175298857	NaN	NaN	NaN	NaN	NaN
2	4	6	8	10	3.8397881166645007	3.683455209663336	3.808364065615047	3.6659487878189996	4.265838533596785	NaN	NaN	NaN	NaN	NaN
