x.1_2	x.3_4	x.5_6	x.7_8	x.9_10	y.1_2	y.3_4	y.5_6	y.7_8	y.9_10	p.value.1_2	p.value.3_4	p.value.5_6	p.value.7_8	p.value.9_10
1	3	5	7	9	5.847113099734406	4.295113110734537	4.954604168133076	5.204062569824	4.354026890707385	NaN	NaN	NaN	NaN	NaN
1	3	5	7	9	7.758969175298857	7.758969175298857	7.758969175298857	7.758969175298857	7.758969175298857	NaN	NaN	NaN	NaN	NaN
1.5	3.5	5.5	7.5	9.5	7.758969175298857	7.758969175298857	7.758969175298857	7.758969175298857	7.758969175298857	0.21792402808287098	0.6244472713025013	9.386173294324975e-10	1.5165213004879928e-6	5.593599763446092e-4
2	4	6	8	10	7.758969175298857	7.758969175298857	7.758969175298857	7.758969175298857	7.758969175298857	NaN	NaN	NaN	NaN	NaN
2	4	6	8	10	5.847113099734406	4.295113110734537	4.954604168133076	5.204062569824	4.354026890707385	NaN	NaN	NaN	NaN	NaN
