x.1_2	x.1_3	x.2_3	y.1_2	y.1_3	y.2_3	p.value.1_2	p.value.1_3	p.value.2_3
1	1	2	5.636070741402192	5.636070741402192	5.435777136761317	NaN	NaN	NaN
1	1	2	7.758969175298857	7.758969175298857	7.758969175298857	NaN	NaN	NaN
1.5	2	2.5	7.758969175298857	7.758969175298857	7.758969175298857	0	0	3.077443052108345e-5
2	3	3	7.758969175298857	7.758969175298857	7.758969175298857	NaN	NaN	NaN
2	3	3	5.435777136761317	5.858855603588328	5.858855603588328	NaN	NaN	NaN
