x.1_2	x.1_3	x.2_3	y.1_2	y.1_3	y.2_3	p.value.1_2	p.value.1_3	p.value.2_3
1	1	2	5.148854599604739	5.148854599604739	6.803041137516631	NaN	NaN	NaN
1	1	2	7.758969175298857	7.758969175298857	7.758969175298857	NaN	NaN	NaN
1.5	2	2.5	7.758969175298857	7.758969175298857	7.758969175298857	2.1875042271664868e-7	1.41950634427668e-60	2.9680562061787735e-29
2	3	3	7.758969175298857	7.758969175298857	7.758969175298857	NaN	NaN	NaN
2	3	3	6.803041137516631	6.159990607606225	6.159990607606225	NaN	NaN	NaN
