x.1_2	x.1_3	x.1_4	x.1_5	x.2_3	x.2_4	x.2_5	x.3_4	x.3_5	x.4_5	y.1_2	y.1_3	y.1_4	y.1_5	y.2_3	y.2_4	y.2_5	y.3_4	y.3_5	y.4_5	p.value.1_2	p.value.1_3	p.value.1_4	p.value.1_5	p.value.2_3	p.value.2_4	p.value.2_5	p.value.3_4	p.value.3_5	p.value.4_5
1	1	1	1	2	2	2	3	3	4	5.450369236139928	5.450369236139928	5.450369236139928	5.450369236139928	5.858855603588328	5.858855603588328	5.858855603588328	4.96799502365033	4.96799502365033	5.575803903827548	NaN	NaN	NaN	NaN	NaN	NaN	NaN	NaN	NaN	NaN
1	1	1	1	2	2	2	3	3	4	7.758969175298857	7.758969175298857	7.758969175298857	7.758969175298857	7.758969175298857	7.758969175298857	7.758969175298857	7.758969175298857	7.758969175298857	7.758969175298857	NaN	NaN	NaN	NaN	NaN	NaN	NaN	NaN	NaN	NaN
1.5	2	2.5	3	2.5	3	3.5	3.5	4	4.5	7.758969175298857	7.758969175298857	7.758969175298857	7.758969175298857	7.758969175298857	7.758969175298857	7.758969175298857	7.758969175298857	7.758969175298857	7.758969175298857	0.040503255539896234	0.36941299306357267	0.023725015309771932	9.23141246491048e-36	0.2869794132684784	2.856369697782855e-5	2.4814877744784557e-47	0.0020262845871627253	4.374092582725247e-40	3.097427912709766e-23
2	3	4	5	3	4	5	4	5	5	7.758969175298857	7.758969175298857	7.758969175298857	7.758969175298857	7.758969175298857	7.758969175298857	7.758969175298857	7.758969175298857	7.758969175298857	7.758969175298857	NaN	NaN	NaN	NaN	NaN	NaN	NaN	NaN	NaN	NaN
2	3	4	5	3	4	5	4	5	5	5.858855603588328	4.96799502365033	5.575803903827548	5.636070741402192	4.96799502365033	5.575803903827548	5.636070741402192	5.575803903827548	5.636070741402192	5.636070741402192	NaN	NaN	NaN	NaN	NaN	NaN	NaN	NaN	NaN	NaN
