x.1_2	x.1_3	x.1_4	x.1_5	x.2_3	x.2_4	x.2_5	x.3_4	x.3_5	x.4_5	y.1_2	y.1_3	y.1_4	y.1_5	y.2_3	y.2_4	y.2_5	y.3_4	y.3_5	y.4_5	p.value.1_2	p.value.1_3	p.value.1_4	p.value.1_5	p.value.2_3	p.value.2_4	p.value.2_5	p.value.3_4	p.value.3_5	p.value.4_5
1	1	1	1	2	2	2	3	3	4	6.886074668417557	6.886074668417557	6.886074668417557	6.886074668417557	7.570066454072013	7.570066454072013	7.570066454072013	6.919788578824038	6.919788578824038	6.726511463081176	NaN	NaN	NaN	NaN	NaN	NaN	NaN	NaN	NaN	NaN
1	1	1	1	2	2	2	3	3	4	9.36730573333132	9.36730573333132	9.36730573333132	9.36730573333132	9.36730573333132	9.36730573333132	9.36730573333132	9.36730573333132	9.36730573333132	9.36730573333132	NaN	NaN	NaN	NaN	NaN	NaN	NaN	NaN	NaN	NaN
1.5	2	2.5	3	2.5	3	3.5	3.5	4	4.5	9.36730573333132	9.36730573333132	9.36730573333132	9.36730573333132	9.36730573333132	9.36730573333132	9.36730573333132	9.36730573333132	9.36730573333132	9.36730573333132	0.03252007567723547	0.9676016419296586	9.371030865661781e-5	6.592751212669541e-41	0.028228486933829417	4.793719075694686e-10	5.638043410453231e-57	1.247788510010951e-4	1.5147817118428828e-40	1.025750187685673e-22
2	3	4	5	3	4	5	4	5	5	9.36730573333132	9.36730573333132	9.36730573333132	9.36730573333132	9.36730573333132	9.36730573333132	9.36730573333132	9.36730573333132	9.36730573333132	9.36730573333132	NaN	NaN	NaN	NaN	NaN	NaN	NaN	NaN	NaN	NaN
2	3	4	5	3	4	5	4	5	5	7.570066454072013	6.919788578824038	6.726511463081176	6.896719002488363	6.919788578824038	6.726511463081176	6.896719002488363	6.726511463081176	6.896719002488363	6.896719002488363	NaN	NaN	NaN	NaN	NaN	NaN	NaN	NaN	NaN	NaN
