x.1_2	x.1_3	x.2_3	y.1_2	y.1_3	y.2_3	p.value.1_2	p.value.1_3	p.value.2_3
1	1	2	6.872901754229652	6.872901754229652	6.462870491763823	NaN	NaN	NaN
1	1	2	9.36730573333132	9.36730573333132	9.36730573333132	NaN	NaN	NaN
1.5	2	2.5	9.36730573333132	9.36730573333132	9.36730573333132	4.54407504404224e-301	0	0.35698978939151543
2	3	3	9.36730573333132	9.36730573333132	9.36730573333132	NaN	NaN	NaN
2	3	3	6.462870491763823	6.731019840059883	6.731019840059883	NaN	NaN	NaN
