x.1_2	x.1_3	x.2_3	y.1_2	y.1_3	y.2_3	p.value.1_2	p.value.1_3	p.value.2_3
1	1	2	6.919788578824038	6.919788578824038	6.886074668417557	NaN	NaN	NaN
1	1	2	9.332168396929223	9.332168396929223	9.332168396929223	NaN	NaN	NaN
1.5	2	2.5	9.332168396929223	9.332168396929223	9.332168396929223	1.0133354795337728e-5	3.128764485921251e-61	1.0567872127777971e-32
2	3	3	9.332168396929223	9.332168396929223	9.332168396929223	NaN	NaN	NaN
2	3	3	6.886074668417557	7.570066454072013	7.570066454072013	NaN	NaN	NaN
