x.1_2	x.3_4	x.5_6	x.7_8	x.9_10	y.1_2	y.3_4	y.5_6	y.7_8	y.9_10	p.value.1_2	p.value.3_4	p.value.5_6	p.value.7_8	p.value.9_10
1	3	5	7	9	4.494441198357703	4.9029275658061025	4.012066985868104	4.619875866045323	4.680142703619967	NaN	NaN	NaN	NaN	NaN
1	3	5	7	9	7.758969175298857	7.758969175298857	7.758969175298857	7.758969175298857	7.758969175298857	NaN	NaN	NaN	NaN	NaN
1.5	3.5	5.5	7.5	9.5	7.758969175298857	7.758969175298857	7.758969175298857	7.758969175298857	7.758969175298857	0.9028705753617008	9.520482435391668e-4	7.388337597636399e-5	9.619192618273898e-7	0.0034594106845740797
2	4	6	8	10	7.758969175298857	7.758969175298857	7.758969175298857	7.758969175298857	7.758969175298857	NaN	NaN	NaN	NaN	NaN
2	4	6	8	10	4.494441198357703	4.9029275658061025	4.012066985868104	4.619875866045323	4.680142703619967	NaN	NaN	NaN	NaN	NaN
