x.1_2	x.1_3	x.2_3	y.1_2	y.1_3	y.2_3	p.value.1_2	p.value.1_3	p.value.2_3
1	1	2	0.7820460431665475	0.7820460431665475	1.9059047180769517	NaN	NaN	NaN
1	1	2	3.477447700649248	3.477447700649248	3.477447700649248	NaN	NaN	NaN
1.5	2	2.5	3.477447700649248	3.477447700649248	3.477447700649248	4.704036475070075e-8	2.0182384481461304e-14	0.009488903228536601
2	3	3	3.477447700649248	3.477447700649248	3.477447700649248	NaN	NaN	NaN
2	3	3	1.9059047180769517	2.2999536971587693	2.2999536971587693	NaN	NaN	NaN
