x.1_2	x.3_4	x.5_6	x.7_8	x.9_10	y.1_2	y.3_4	y.5_6	y.7_8	y.9_10	p.value.1_2	p.value.3_4	p.value.5_6	p.value.7_8	p.value.9_10
1	3	5	7	9	0.27360796476250715	0.8912339178149009	1.5224169649357824	1.2133523098008785	2.2089434440906883	NaN	NaN	NaN	NaN	NaN
1	3	5	7	9	5.216475751940584	5.216475751940584	5.216475751940584	5.216475751940584	5.216475751940584	NaN	NaN	NaN	NaN	NaN
1.5	3.5	5.5	7.5	9.5	5.216475751940584	5.216475751940584	5.216475751940584	5.216475751940584	5.216475751940584	0.006864986477571639	1.0174005493772037e-11	1.1272473706847923e-6	2.3063418629273158e-8	2.8103248606055315e-10
2	4	6	8	10	5.216475751940584	5.216475751940584	5.216475751940584	5.216475751940584	5.216475751940584	NaN	NaN	NaN	NaN	NaN
2	4	6	8	10	0.27360796476250715	0.8912339178149009	1.5224169649357824	1.2133523098008785	2.2089434440906883	NaN	NaN	NaN	NaN	NaN
