x.1_2	x.1_3	x.1_4	x.1_5	x.2_3	x.2_4	x.2_5	x.3_4	x.3_5	x.4_5	y.1_2	y.1_3	y.1_4	y.1_5	y.2_3	y.2_4	y.2_5	y.3_4	y.3_5	y.4_5	p.value.1_2	p.value.1_3	p.value.1_4	p.value.1_5	p.value.2_3	p.value.2_4	p.value.2_5	p.value.3_4	p.value.3_5	p.value.4_5
1	1	1	1	2	2	2	3	3	4	4.401874723805343	4.401874723805343	4.401874723805343	4.401874723805343	4.25675069194408	4.25675069194408	4.25675069194408	3.6926143188918443	3.6926143188918443	2.7274137716627136	NaN	NaN	NaN	NaN	NaN	NaN	NaN	NaN	NaN	NaN
1	1	1	1	2	2	2	3	3	4	6.157077266659315	6.157077266659315	6.157077266659315	6.157077266659315	6.157077266659315	6.157077266659315	6.157077266659315	6.157077266659315	6.157077266659315	6.157077266659315	NaN	NaN	NaN	NaN	NaN	NaN	NaN	NaN	NaN	NaN
1.5	2	2.5	3	2.5	3	3.5	3.5	4	4.5	6.157077266659315	6.157077266659315	6.157077266659315	6.157077266659315	6.157077266659315	6.157077266659315	6.157077266659315	6.157077266659315	6.157077266659315	6.157077266659315	0.9768735897974697	5.6698461994464424e-27	4.615027788824876e-190	0	3.9157419114958575e-25	3.519907393531355e-177	0	7.607693774387147e-82	0	4.180854468333808e-268
2	3	4	5	3	4	5	4	5	5	6.157077266659315	6.157077266659315	6.157077266659315	6.157077266659315	6.157077266659315	6.157077266659315	6.157077266659315	6.157077266659315	6.157077266659315	6.157077266659315	NaN	NaN	NaN	NaN	NaN	NaN	NaN	NaN	NaN	NaN
2	3	4	5	3	4	5	4	5	5	4.25675069194408	3.6926143188918443	2.7274137716627136	1.5216927003377871	3.6926143188918443	2.7274137716627136	1.5216927003377871	2.7274137716627136	1.5216927003377871	1.5216927003377871	NaN	NaN	NaN	NaN	NaN	NaN	NaN	NaN	NaN	NaN
