x.1_2	x.3_4	x.5_6	x.7_8	x.9_10	y.1_2	y.3_4	y.5_6	y.7_8	y.9_10	p.value.1_2	p.value.3_4	p.value.5_6	p.value.7_8	p.value.9_10
1	3	5	7	9	1.172181864876255	1.6406160324148027	1.7675818378539836	2.300181837628635	2.908801355048406	NaN	NaN	NaN	NaN	NaN
1	3	5	7	9	5.216475751940584	5.216475751940584	5.216475751940584	5.216475751940584	5.216475751940584	NaN	NaN	NaN	NaN	NaN
1.5	3.5	5.5	7.5	9.5	5.216475751940584	5.216475751940584	5.216475751940584	5.216475751940584	5.216475751940584	3.907893283203774e-104	9.159894838199927e-151	3.5628692975810935e-175	1.3993113646203296e-142	1.1816451012815975e-144
2	4	6	8	10	5.216475751940584	5.216475751940584	5.216475751940584	5.216475751940584	5.216475751940584	NaN	NaN	NaN	NaN	NaN
2	4	6	8	10	1.172181864876255	1.6406160324148027	1.7675818378539836	2.300181837628635	2.908801355048406	NaN	NaN	NaN	NaN	NaN
