outlier.1	outlier.2
NaN	NaN
NaN	1.3403037911613684
NaN	1.4372828247668066
