outlier.1	outlier.2	outlier.3	outlier.4	outlier.5	outlier.6	outlier.7	outlier.8
NaN	NaN	NaN	NaN	NaN	NaN	NaN	NaN
NaN	NaN	NaN	-0.5978237830519596	NaN	-0.020474743221515185	-0.6246841534952287	0.28217576441781667
