outlier.1	outlier.2	outlier.3	outlier.4	outlier.5	outlier.6	outlier.7	outlier.8	outlier.9	outlier.10	outlier.11	outlier.12	outlier.13	outlier.14	outlier.15	outlier.16	outlier.17	outlier.18	outlier.19
1.2624299977390194	-1.2371708508082375	1.2034652800067962	-1.026010407393358	NaN	-0.7936489714854298	1.094998129410264	NaN	NaN	NaN	1.1644573514443781	-0.7494941894633576	-1.3509156979696244	1.064952493516872	NaN	-1.1752696033833612	NaN	NaN	NaN
-1.2295965586115876	NaN	-0.8357216936648282	-1.2721976396587387	NaN	1.337112751628777	NaN	NaN	NaN	NaN	1.0731622886685281	-1.2228166186556089	1.8806537772690843	-0.9906409270287067	NaN	NaN	NaN	NaN	NaN
NaN	NaN	-1.7483547573224647	-0.9615589617465146	NaN	NaN	NaN	NaN	NaN	NaN	NaN	NaN	NaN	NaN	NaN	NaN	NaN	NaN	NaN
NaN	NaN	NaN	NaN	NaN	NaN	NaN	NaN	NaN	NaN	NaN	NaN	NaN	NaN	NaN	NaN	NaN	NaN	NaN
