x.1_2	x.1_3	x.1_4	x.1_5	x.2_3	x.2_4	x.2_5	x.3_4	x.3_5	x.4_5	y.1_2	y.1_3	y.1_4	y.1_5	y.2_3	y.2_4	y.2_5	y.3_4	y.3_5	y.4_5	p.value.1_2	p.value.1_3	p.value.1_4	p.value.1_5	p.value.2_3	p.value.2_4	p.value.2_5	p.value.3_4	p.value.3_5	p.value.4_5
1	1	1	1	2	2	2	3	3	4	4.0884025068752905	4.0884025068752905	4.0884025068752905	4.0884025068752905	3.605487943688547	3.605487943688547	3.605487943688547	3.1010148477813795	3.1010148477813795	2.970409708422586	NaN	NaN	NaN	NaN	NaN	NaN	NaN	NaN	NaN	NaN
1	1	1	1	2	2	2	3	3	4	6.157077266659315	6.157077266659315	6.157077266659315	6.157077266659315	6.157077266659315	6.157077266659315	6.157077266659315	6.157077266659315	6.157077266659315	6.157077266659315	NaN	NaN	NaN	NaN	NaN	NaN	NaN	NaN	NaN	NaN
1.5	2	2.5	3	2.5	3	3.5	3.5	4	4.5	6.157077266659315	6.157077266659315	6.157077266659315	6.157077266659315	6.157077266659315	6.157077266659315	6.157077266659315	6.157077266659315	6.157077266659315	6.157077266659315	8.857575508595809e-18	4.6644337240897936e-57	5.169362450089107e-208	0	1.7359164502743216e-13	1.852892745300278e-112	0	1.3312893250155043e-53	0	1.3338218667175367e-261
2	3	4	5	3	4	5	4	5	5	6.157077266659315	6.157077266659315	6.157077266659315	6.157077266659315	6.157077266659315	6.157077266659315	6.157077266659315	6.157077266659315	6.157077266659315	6.157077266659315	NaN	NaN	NaN	NaN	NaN	NaN	NaN	NaN	NaN	NaN
2	3	4	5	3	4	5	4	5	5	3.605487943688547	3.1010148477813795	2.970409708422586	2.6830661451778326	3.1010148477813795	2.970409708422586	2.6830661451778326	2.970409708422586	2.6830661451778326	2.6830661451778326	NaN	NaN	NaN	NaN	NaN	NaN	NaN	NaN	NaN	NaN
