x.1_2	x.1_3	x.1_4	x.1_5	x.2_3	x.2_4	x.2_5	x.3_4	x.3_5	x.4_5	y.1_2	y.1_3	y.1_4	y.1_5	y.2_3	y.2_4	y.2_5	y.3_4	y.3_5	y.4_5	p.value.1_2	p.value.1_3	p.value.1_4	p.value.1_5	p.value.2_3	p.value.2_4	p.value.2_5	p.value.3_4	p.value.3_5	p.value.4_5
1	1	1	1	2	2	2	3	3	4	2.3260190633223443	2.3260190633223443	2.3260190633223443	2.3260190633223443	2.794453230860892	2.794453230860892	2.794453230860892	2.921419036300073	2.921419036300073	3.4540190360747243	NaN	NaN	NaN	NaN	NaN	NaN	NaN	NaN	NaN	NaN
1	1	1	1	2	2	2	3	3	4	5.216475751940584	5.216475751940584	5.216475751940584	5.216475751940584	5.216475751940584	5.216475751940584	5.216475751940584	5.216475751940584	5.216475751940584	5.216475751940584	NaN	NaN	NaN	NaN	NaN	NaN	NaN	NaN	NaN	NaN
1.5	2	2.5	3	2.5	3	3.5	3.5	4	4.5	5.216475751940584	5.216475751940584	5.216475751940584	5.216475751940584	5.216475751940584	5.216475751940584	5.216475751940584	5.216475751940584	5.216475751940584	5.216475751940584	1.3514595726181247e-25	1.587825785960926e-46	2.0326083201606235e-37	3.0131251537729385e-21	9.12582058319294e-5	0.013559646419212246	0.514040231322375	0.15701601659472061	8.860512785869762e-6	0.0029575481956720722
2	3	4	5	3	4	5	4	5	5	5.216475751940584	5.216475751940584	5.216475751940584	5.216475751940584	5.216475751940584	5.216475751940584	5.216475751940584	5.216475751940584	5.216475751940584	5.216475751940584	NaN	NaN	NaN	NaN	NaN	NaN	NaN	NaN	NaN	NaN
2	3	4	5	3	4	5	4	5	5	2.794453230860892	2.921419036300073	3.4540190360747243	4.062638553494495	2.921419036300073	3.4540190360747243	4.062638553494495	3.4540190360747243	4.062638553494495	4.062638553494495	NaN	NaN	NaN	NaN	NaN	NaN	NaN	NaN	NaN	NaN
