outlier.1	outlier.2
-1.4320237973013912	-0.9533988207242237
NaN	-2.1619290609928803
