x.1_2	x.1_3	x.2_3	y.1_2	y.1_3	y.2_3	p.value.1_2	p.value.1_3	p.value.2_3
1	1	2	4.622501913888005	4.622501913888005	4.693668506871271	NaN	NaN	NaN
1	1	2	6.6345493630362595	6.6345493630362595	6.6345493630362595	NaN	NaN	NaN
1.5	2	2.5	6.6345493630362595	6.6345493630362595	6.6345493630362595	1.797992510298109e-24	7.393894112221984e-51	1.0075554046515451e-15
2	3	3	6.6345493630362595	6.6345493630362595	6.6345493630362595	NaN	NaN	NaN
2	3	3	4.693668506871271	5.438203071043741	5.438203071043741	NaN	NaN	NaN
