sample	TCP	NAC	HSF	p.value	med	lq	uq	lw	uw	n	id
HSF+HSF	0	0	2	1.1059455573558832e-9	1.338648075324398	0.5190232261586953	1.7176777694486693	-0.20905058677598598	3.4923748211089576	35	1
HSF+NAC	0	1	1	1.1562593520267557e-13	1.7704280684632194	1.2222316707670178	2.320220536495847	0.21977492508707286	3.7152066491747164	73	2
HSF+TCP	1	0	1	7.719833151908307e-28	2.371130959822956	1.786480292096304	2.847508771954832	0.29525213607207057	4.3265710012220335	159	3
NAC+NAC	0	2	0	5.002220859751114e-11	1.1812749124411424	0.8057363557515838	1.8774437510817341	-0.6252526805971743	2.611420499495031	41	4
NAC+TCP	1	1	0	1.7012382914886479e-28	2.2350150693261797	1.7189591503685602	2.678807100666601	0.3146965128365018	4.118579026113663	163	5
TCP+TCP	2	0	0	1.1656688968230468e-28	2.5769638732792064	2.106800881683282	3.118611909613458	1.1625406000312648	4.5897354528569245	164	6
