x.1_2	x.1_3	x.2_3	y.1_2	y.1_3	y.2_3	p.value.1_2	p.value.1_3	p.value.2_3
1	1	2	0.7820460431665475	0.7820460431665475	1.9059047180769517	NaN	NaN	NaN
1	1	2	3.477447700649248	3.477447700649248	3.477447700649248	NaN	NaN	NaN
1.5	2	2.5	3.477447700649248	3.477447700649248	3.477447700649248	2.5748550272727647e-11	2.6045422044374753e-34	1.0019751673542904e-12
2	3	3	3.477447700649248	3.477447700649248	3.477447700649248	NaN	NaN	NaN
2	3	3	1.9059047180769517	2.7351032337299612	2.7351032337299612	NaN	NaN	NaN
