sample	TATA	Inr	Ypatch	med	lq	uq	lw	uw	n	id
WT	$-$	$-$	$-$	-3.2976017648818625	-3.3911010222824896	-2.702959710119608	-4.022189489661984	-2.5843351958235257	5	1
+Inr	$-$	$+$	$-$	-2.6690725489365494	-3.203279448099016	-2.45115593077206	-4.054888351296741	-2.109014486829579	6	2
+Ypatch	$-$	$-$	$+$	-2.3119167346136633	-2.6153040077430942	-2.1717492781296004	-3.280636102163335	-1.8956811205765525	4	3
+TATA	$+$	$-$	$-$	-1.9531289779510177	-2.359952520544856	-1.8808898980192665	-2.4024610605325307	-1.749020449501202	5	4
+Inr+Ypatch	$-$	$+$	$+$	-1.9999054011102748	-2.2826980270975925	-1.8175052340888413	-2.4799982808320147	-1.5330347086772955	6	5
+TATA+Inr	$+$	$+$	$-$	-2.1372748829635126	-2.7680020229195823	-1.9239675807706826	-4.029541534585185	-1.9146875823948006	4	6
+TATA+Ypatch	$+$	$-$	$+$	-1.952328518602736	-2.6044781582348753	-1.8500564603658214	-2.823242017353709	-1.6052796871243058	5	7
+TATA+Inr+Ypatch	$+$	$+$	$+$	-1.7412548458659936	-1.8389844870083454	-1.6370552547122883	-2.0874761214220374	-1.5970228097455434	6	8
