sample	med	lq	uq	lw	uw	n	id
0	-2.3531092461358716	-3.0856312718986603	-1.7377848446617463	-5.107400912754031	-0.08070473550440271	218	1
3	-1.7381595546894864	-2.3622432733543457	-1.2199258505755854	-4.075719407522486	0.08181323354676012	217	2
10	-1.3853362489547714	-1.8860227972773804	-0.8789184585674286	-3.3966793053423086	0.6317380494974993	238	3
