outlier.1	outlier.2	outlier.3	outlier.4
1.2850085158459383	1.3259122275586148	-0.5268884629058624	NaN
NaN	NaN	1.4298011031402895	NaN
NaN	NaN	NaN	NaN
