x.1_2	x.1_3	x.2_3	y.1_2	y.1_3	y.2_3	p.value.1_2	p.value.1_3	p.value.2_3
1	1	2	1.3075024962764734	1.3075024962764734	4.062638553494495	NaN	NaN	NaN
1	1	2	5.216475751940584	5.216475751940584	5.216475751940584	NaN	NaN	NaN
1.5	2	2.5	5.216475751940584	5.216475751940584	5.216475751940584	0.058741367312068735	7.769452920624316e-21	7.231114845249825e-261
2	3	3	5.216475751940584	5.216475751940584	5.216475751940584	NaN	NaN	NaN
2	3	3	4.062638553494495	1.768057747750328	1.768057747750328	NaN	NaN	NaN
