x.1_2	x.3_4	x.5_6	x.7_8	x.9_10	y.1_2	y.3_4	y.5_6	y.7_8	y.9_10	p.value.1_2	p.value.3_4	p.value.5_6	p.value.7_8	p.value.9_10
1	3	5	7	9	3.182603834170715	3.037479802309452	2.4733434292572163	1.5081428820280853	0.3024218107031589	NaN	NaN	NaN	NaN	NaN
1	3	5	7	9	6.157077266659315	6.157077266659315	6.157077266659315	6.157077266659315	6.157077266659315	NaN	NaN	NaN	NaN	NaN
1.5	3.5	5.5	7.5	9.5	6.157077266659315	6.157077266659315	6.157077266659315	6.157077266659315	6.157077266659315	9.843678436471532e-188	2.597956200546873e-221	2.6717261091273097e-248	4.6180125072853264e-212	6.69700332987117e-95
2	4	6	8	10	6.157077266659315	6.157077266659315	6.157077266659315	6.157077266659315	6.157077266659315	NaN	NaN	NaN	NaN	NaN
2	4	6	8	10	3.182603834170715	3.037479802309452	2.4733434292572163	1.5081428820280853	0.3024218107031589	NaN	NaN	NaN	NaN	NaN
