sample	med	lq	uq	lw	uw	n	id
0	0.880409118935038	-0.3115301088998928	1.4891263652507893	-2.373405885275657	3.070544153578786	217	1
3	1.5908298088871162	1.159278423052653	1.9564970310593512	-0.036549488957394516	3.1296045221663173	222	2
10	1.777430587023333	1.4362738621913624	2.1601513028389765	0.35045770121994146	3.2459674638103975	238	3
