sample	p.value	med	lq	uq	lw	uw	n	id
+TATA	6.048008799552912e-5	0.704992135776279	0.36383032508441904	1.5497499543698843	-1.4150491188437788	2.9689648851185244	29	1
+mutTATA	0.556113274767995	0.07545757419530363	-0.17850178681252493	0.22667821060496696	-0.7862717829387628	0.8200720344925263	30	2
