sample	med	lq	uq	lw	uw	n	id
0	-2.87449385249683	-3.3873975305269717	-1.9737966791320183	-4.688341435462908	0.1466045979604118	222	1
3	-2.2947751600947783	-2.925046495836516	-1.2200209465090541	-4.164224289186225	1.3375173774821385	216	2
10	-1.8858106417989102	-2.5895797216576755	-0.9065489597869898	-4.371271012995777	1.6179971830190385	233	3
