x.1_2	x.1_3	x.1_4	x.1_5	x.2_3	x.2_4	x.2_5	x.3_4	x.3_5	x.4_5	y.1_2	y.1_3	y.1_4	y.1_5	y.2_3	y.2_4	y.2_5	y.3_4	y.3_5	y.4_5	p.value.1_2	p.value.1_3	p.value.1_4	p.value.1_5	p.value.2_3	p.value.2_4	p.value.2_5	p.value.3_4	p.value.3_5	p.value.4_5
1	1	1	1	2	2	2	3	3	4	4.401874723805343	4.401874723805343	4.401874723805343	4.401874723805343	4.205449000628401	4.205449000628401	4.205449000628401	2.4599020559984215	2.4599020559984215	3.6926143188918443	NaN	NaN	NaN	NaN	NaN	NaN	NaN	NaN	NaN	NaN
1	1	1	1	2	2	2	3	3	4	5.567552448118037	5.567552448118037	5.567552448118037	5.567552448118037	5.567552448118037	5.567552448118037	5.567552448118037	5.567552448118037	5.567552448118037	5.567552448118037	NaN	NaN	NaN	NaN	NaN	NaN	NaN	NaN	NaN	NaN
1.5	2	2.5	3	2.5	3	3.5	3.5	4	4.5	5.567552448118037	5.567552448118037	5.567552448118037	5.567552448118037	5.567552448118037	5.567552448118037	5.567552448118037	5.567552448118037	5.567552448118037	5.567552448118037	0	1.4736471401741299e-83	8.246477040870358e-243	0	0.9686114678620262	0.6965388023633627	0.6653018088183631	0.8102528751567206	0.82055823279488	0.44631454818105915
2	3	4	5	3	4	5	4	5	5	5.567552448118037	5.567552448118037	5.567552448118037	5.567552448118037	5.567552448118037	5.567552448118037	5.567552448118037	5.567552448118037	5.567552448118037	5.567552448118037	NaN	NaN	NaN	NaN	NaN	NaN	NaN	NaN	NaN	NaN
2	3	4	5	3	4	5	4	5	5	4.205449000628401	2.4599020559984215	3.6926143188918443	4.25675069194408	2.4599020559984215	3.6926143188918443	4.25675069194408	3.6926143188918443	4.25675069194408	4.25675069194408	NaN	NaN	NaN	NaN	NaN	NaN	NaN	NaN	NaN	NaN
