sample	med	lq	uq	lw	uw	n	id
0	-2.3531092461358716	-3.0856312718986603	-1.7377848446617463	-5.107400912754031	-0.08070473550440271	218	1
3	-1.3785672103798687	-2.181795507328336	-0.9082143621513036	-4.092167225093885	0.7492491155050436	214	2
10	-0.9083003692399557	-1.3615841947244216	-0.5119833808441531	-2.635985415544824	0.7624178399762497	229	3
