sample	TATA	Inr	Ypatch	med	lq	uq	lw	uw	n	id
WT	$-$	$-$	$-$	-2.918538509242052	-3.276341605465814	-2.887539434800437	-3.8595448614638794	-2.3043361788023713	5	1
+Inr	$-$	$+$	$-$	-2.873256560233453	-3.19981819657409	-2.518015709647587	-3.490075774516743	-1.879932438628621	6	2
+Ypatch	$-$	$-$	$+$	-1.957644601354017	-2.325842180472362	-1.793961564201235	-3.1236631048790526	-1.5230404050181903	4	3
+TATA	$+$	$-$	$-$	-1.468774706460008	-1.7090015454063143	-1.409805661412856	-2.1577953713965017	-0.9610118354226685	5	4
+Inr+Ypatch	$-$	$+$	$+$	-2.0911375692438274	-2.206207185594396	-1.8301506904146954	-2.624276592658945	-1.465848290670324	6	5
+TATA+Inr	$+$	$+$	$-$	-0.5658009217291717	-1.240419211659824	-0.4074254244644899	-2.0775027908032864	-0.34320475451777677	6	6
+TATA+Ypatch	$+$	$-$	$+$	-1.1524754401820654	-1.3958201290222336	-0.7958295035102503	-1.6696327152750072	-0.07414411873867499	6	7
+TATA+Inr+Ypatch	$+$	$+$	$+$	-0.44710192299008233	-0.9482698888232618	-0.25131732128424467	-1.2800869212269768	0.49438850251675415	7	8
