x.1_2	x.1_3	x.2_3	y.1_2	y.1_3	y.2_3	p.value.1_2	p.value.1_3	p.value.2_3
1	1	2	3.5641486163997054	3.5641486163997054	4.937806377024687	NaN	NaN	NaN
1	1	2	6.157077266659315	6.157077266659315	6.157077266659315	NaN	NaN	NaN
1.5	2	2.5	6.157077266659315	6.157077266659315	6.157077266659315	1.5196067463923248e-8	4.860048372426905e-5	6.6551538372104705e-205
2	3	3	6.157077266659315	6.157077266659315	6.157077266659315	NaN	NaN	NaN
2	3	3	4.937806377024687	1.9825164266276425	1.9825164266276425	NaN	NaN	NaN
