sample	TATA	Inr	Ypatch	med	lq	uq	lw	uw	n	id
WT	$-$	$-$	$-$	-3.159612856767261	-3.4987769200056262	-2.6961922864305317	-4.440640690171129	-2.02053916123178	9	1
+Inr	$-$	$+$	$-$	-2.873170069798274	-3.515575558444941	-2.764679344401602	-3.990070711088444	-1.7254068102142752	9	2
+Ypatch	$-$	$-$	$+$	-2.768154920355078	-2.9571403449686935	-2.5965860389762865	-3.497971803957304	-2.055754579987676	9	3
+TATA	$+$	$-$	$-$	-2.1441449603118743	-2.234462430435716	-1.8503574216120584	-2.8106199436712025	-1.3433293895502274	10	4
+Inr+Ypatch	$-$	$+$	$+$	-2.656568311861564	-3.1152083206618	-2.5132794927687505	-3.767867431322694	-2.237523182548435	10	5
+TATA+Inr	$+$	$+$	$-$	-1.9741989953037153	-2.697226455018	-1.7601761215384577	-2.9788868045742163	-1.3727849184713914	10	6
+TATA+Ypatch	$+$	$-$	$+$	-1.665364451946063	-1.8177537844804412	-1.3792863435398794	-2.071015450799055	-0.8108467754994396	10	7
+TATA+Inr+Ypatch	$+$	$+$	$+$	-1.5390041007955269	-1.9599719189988107	-1.315901504461741	-2.408350997378842	-0.8261300169574983	9	8
