x.1_2	x.1_3	x.1_4	x.1_5	x.2_3	x.2_4	x.2_5	x.3_4	x.3_5	x.4_5	y.1_2	y.1_3	y.1_4	y.1_5	y.2_3	y.2_4	y.2_5	y.3_4	y.3_5	y.4_5	p.value.1_2	p.value.1_3	p.value.1_4	p.value.1_5	p.value.2_3	p.value.2_4	p.value.2_5	p.value.3_4	p.value.3_5	p.value.4_5
1	1	1	1	2	2	2	3	3	4	3.3627806425367774	3.3627806425367774	3.3627806425367774	3.3627806425367774	2.021438907093682	2.021438907093682	2.021438907093682	1.9013730466843168	1.9013730466843168	1.9362990750296307	NaN	NaN	NaN	NaN	NaN	NaN	NaN	NaN	NaN	NaN
1	1	1	1	2	2	2	3	3	4	5.567552448118037	5.567552448118037	5.567552448118037	5.567552448118037	5.567552448118037	5.567552448118037	5.567552448118037	5.567552448118037	5.567552448118037	5.567552448118037	NaN	NaN	NaN	NaN	NaN	NaN	NaN	NaN	NaN	NaN
1.5	2	2.5	3	2.5	3	3.5	3.5	4	4.5	5.567552448118037	5.567552448118037	5.567552448118037	5.567552448118037	5.567552448118037	5.567552448118037	5.567552448118037	5.567552448118037	5.567552448118037	5.567552448118037	1.8826354351348018e-149	6.1604703235128895e-77	0	0	8.094364344275074e-20	8.948960909020977e-126	3.47322757539955e-265	1.6225040485092597e-8	3.2148587023157734e-26	3.717378691628737e-15
2	3	4	5	3	4	5	4	5	5	5.567552448118037	5.567552448118037	5.567552448118037	5.567552448118037	5.567552448118037	5.567552448118037	5.567552448118037	5.567552448118037	5.567552448118037	5.567552448118037	NaN	NaN	NaN	NaN	NaN	NaN	NaN	NaN	NaN	NaN
2	3	4	5	3	4	5	4	5	5	2.021438907093682	1.9013730466843168	1.9362990750296307	2.6762541633818717	1.9013730466843168	1.9362990750296307	2.6762541633818717	1.9362990750296307	2.6762541633818717	2.6762541633818717	NaN	NaN	NaN	NaN	NaN	NaN	NaN	NaN	NaN	NaN
