sample	p.value	med	lq	uq	lw	uw	n	id
TCP	0.064943595390727707	0.04166539488723675	-0.10807846934107945	0.26045209848190876	-0.6608743210755618	0.8132479502163911	81	1
NAC	4.900712156086238e-6	0.22751050066722134	0.021339690689825108	0.8246072247896219	-0.5292451446799824	1.2056745745351627	41	2
HSF	3.637978807091714e-11	1.1887940860805957	1.0049784572145852	1.579767632723563	0.14279469395111855	2.0250647135923123	38	3
