sample	med	lq	uq	lw	uw	n	id
0	0.880409118935038	-0.3115301088998928	1.4891263652507893	-2.373405885275657	3.070544153578786	217	1
3	1.8159026084165752	1.3805773044173222	2.1827613578633316	0.17730122424830808	2.7669293163358075	217	2
10	1.9807531035271624	1.715315656731796	2.322520639405709	0.8045081827209262	3.2097007677955163	238	3
