sample	TCP	NAC	HSF	p.value	med	lq	uq	lw	uw	n	id
HSF+HSF	0	0	2	1.164153218269349e-10	2.025917421866681	1.6048760422500106	2.4475425461694833	0.8809900222662539	3.5219591079170445	34	1
HSF+NAC	0	1	1	7.892725464448344e-14	1.684187713081677	1.1978177404822423	2.0910754319473024	0.5136197923329595	3.030268320201239	74	2
HSF+TCP	1	0	1	1.8103667430054518e-27	1.3099677793672677	0.928888963673768	1.6294549140292438	-0.12195996185944558	2.4826172909196615	157	3
NAC+NAC	0	2	0	1.728039933368567e-11	0.8231782651519539	0.41132846820540525	1.3417558506537124	-0.29816126948559885	2.322834458435609	41	4
NAC+TCP	1	1	0	1.0739001172374547e-17	0.4198150483104106	0.10278164064006245	0.8278944334412428	-0.967830055916231	1.7314710920875176	163	5
TCP+TCP	2	0	0	0.0018998976880574927	0.15471996436139968	-0.15183480608536964	0.3890967771221024	-0.9632321808965776	1.2004941519333103	162	6
