x.1_2	x.1_3	x.1_4	x.1_5	x.2_3	x.2_4	x.2_5	x.3_4	x.3_5	x.4_5	y.1_2	y.1_3	y.1_4	y.1_5	y.2_3	y.2_4	y.2_5	y.3_4	y.3_5	y.4_5	p.value.1_2	p.value.1_3	p.value.1_4	p.value.1_5	p.value.2_3	p.value.2_4	p.value.2_5	p.value.3_4	p.value.3_5	p.value.4_5
1	1	1	1	2	2	2	3	3	4	1.4483664546743436	1.4483664546743436	1.4483664546743436	1.4483664546743436	1.5662736948683924	1.5662736948683924	1.5662736948683924	1.7251651740720462	1.7251651740720462	1.6628100202056124	NaN	NaN	NaN	NaN	NaN	NaN	NaN	NaN	NaN	NaN
1	1	1	1	2	2	2	3	3	4	5.216475751940584	5.216475751940584	5.216475751940584	5.216475751940584	5.216475751940584	5.216475751940584	5.216475751940584	5.216475751940584	5.216475751940584	5.216475751940584	NaN	NaN	NaN	NaN	NaN	NaN	NaN	NaN	NaN	NaN
1.5	2	2.5	3	2.5	3	3.5	3.5	4	4.5	5.216475751940584	5.216475751940584	5.216475751940584	5.216475751940584	5.216475751940584	5.216475751940584	5.216475751940584	5.216475751940584	5.216475751940584	5.216475751940584	4.1752315363694126e-5	0.0016954114550361472	0.014740367834736768	0.23901718771124675	0.3266643109140522	0.09553105029040475	0.0024199868473398023	0.4813991916389121	0.045497587358347205	0.196614093218661
2	3	4	5	3	4	5	4	5	5	5.216475751940584	5.216475751940584	5.216475751940584	5.216475751940584	5.216475751940584	5.216475751940584	5.216475751940584	5.216475751940584	5.216475751940584	5.216475751940584	NaN	NaN	NaN	NaN	NaN	NaN	NaN	NaN	NaN	NaN
2	3	4	5	3	4	5	4	5	5	1.5662736948683924	1.7251651740720462	1.6628100202056124	1.3984784074054344	1.7251651740720462	1.6628100202056124	1.3984784074054344	1.6628100202056124	1.3984784074054344	1.3984784074054344	NaN	NaN	NaN	NaN	NaN	NaN	NaN	NaN	NaN	NaN
