sample	p.value	med	lq	uq	lw	uw	n	id
+TATA	1.8626451492309587e-9	1.3940827063879617	1.0017533945660277	2.0690160528227564	0.46463304693560126	2.9358784090942334	30	1
+mutTATA	0.009301122277975084	0.2479686272700241	-0.02014443042275127	0.5157720843109875	-0.7557856031911996	1.3196468564115957	30	2
