sample	med	lq	uq	lw	uw	n	id
0	-2.3531092461358716	-3.0856312718986603	-1.7377848446617463	-5.107400912754031	-0.08070473550440271	218	1
3	-1.3445151332119907	-1.8806929674438018	-0.8051633205523219	-3.493987437781022	0.5407836412418674	217	2
10	-0.8222442449778095	-1.2918094850776864	-0.4075915796510211	-2.6181363432176843	0.918735278488977	237	3
