sample	p.value	med	lq	uq	lw	uw	n	id
TCP	5.4638189733703395e-15	1.4900345184229833	1.1750116197900347	1.9709272603068841	0.24349367057892934	3.161362924869219	81	1
NAC	9.094947017729299e-12	0.8280700732709568	0.3372684333309093	1.179109142074093	-0.2176521246493781	2.037376541820086	41	2
HSF	4.3655745685100646e-11	1.1087646629047039	0.6362082817574386	1.5019899882525238	-0.33222710676931133	2.2460120128821983	37	3
