x.1_2	x.1_3	x.1_4	x.1_5	x.2_3	x.2_4	x.2_5	x.3_4	x.3_5	x.4_5	y.1_2	y.1_3	y.1_4	y.1_5	y.2_3	y.2_4	y.2_5	y.3_4	y.3_5	y.4_5	p.value.1_2	p.value.1_3	p.value.1_4	p.value.1_5	p.value.2_3	p.value.2_4	p.value.2_5	p.value.3_4	p.value.3_5	p.value.4_5
1	1	1	1	2	2	2	3	3	4	3.5641486163997054	3.5641486163997054	3.5641486163997054	3.5641486163997054	4.937806377024687	4.937806377024687	4.937806377024687	4.296480367962682	4.296480367962682	3.337863322908755	NaN	NaN	NaN	NaN	NaN	NaN	NaN	NaN	NaN	NaN
1	1	1	1	2	2	2	3	3	4	6.157077266659315	6.157077266659315	6.157077266659315	6.157077266659315	6.157077266659315	6.157077266659315	6.157077266659315	6.157077266659315	6.157077266659315	6.157077266659315	NaN	NaN	NaN	NaN	NaN	NaN	NaN	NaN	NaN	NaN
1.5	2	2.5	3	2.5	3	3.5	3.5	4	4.5	6.157077266659315	6.157077266659315	6.157077266659315	6.157077266659315	6.157077266659315	6.157077266659315	6.157077266659315	6.157077266659315	6.157077266659315	6.157077266659315	2.1549246900630594e-14	4.680682666953013e-27	7.340462165529244e-43	1.0978286132341057e-107	7.258995780562822e-4	1.773774867603594e-10	1.4501968544978518e-48	0.0029018546724530383	2.7964667164877963e-28	2.1174657703308617e-15
2	3	4	5	3	4	5	4	5	5	6.157077266659315	6.157077266659315	6.157077266659315	6.157077266659315	6.157077266659315	6.157077266659315	6.157077266659315	6.157077266659315	6.157077266659315	6.157077266659315	NaN	NaN	NaN	NaN	NaN	NaN	NaN	NaN	NaN	NaN
2	3	4	5	3	4	5	4	5	5	4.937806377024687	4.296480367962682	3.337863322908755	3.297724806542746	4.296480367962682	3.337863322908755	3.297724806542746	3.337863322908755	3.297724806542746	3.297724806542746	NaN	NaN	NaN	NaN	NaN	NaN	NaN	NaN	NaN	NaN
