sample	p.value	med	lq	uq	lw	uw	n	id
mutA	1.043081283569337e-7	-0.7517997356558525	-1.4371374911826738	-0.39952418415337954	-1.9760541153275484	0.1285865322715979	28	1
mutB	1.3470649719238271e-5	-1.259354662382068	-1.663681730361084	-0.6671449353141821	-2.3972749363682677	0.8276602572561709	27	2
mutAB	1.192092895507812e-7	-1.611953784097219	-2.4452601445847737	-0.7097532874320842	-3.770185870027098	0.0665073150636486	25	3
