sample	med	lq	uq	lw	uw	n	id
0	1.4650219190478406	0.1731702052252827	2.77057899098449	-1.4536458806778738	4.622501913888005	211	1
3	2.901459555604351	2.2783740312058	3.6428217691015816	0.23170242436212796	4.9539364141760185	219	2
10	3.6312779821108023	3.1831742251901085	4.160153649822757	1.7177050882411362	5.6256227867717286	233	3
