outlier.1	outlier.2	outlier.3
-1.4275218055084364	0.2820302397137102	NaN
0.3346186238689386	NaN	NaN
0.4392250518502716	NaN	NaN
-1.2901065836701462	NaN	NaN
-1.4264569333415356	NaN	NaN
NaN	NaN	NaN
