sample	p.value	med	lq	uq	lw	uw	n	id
1	1.0855086899776042e-27	1.2712164817152192	0.7938804326767213	1.736235039799471	-0.33222710676931133	3.1497669504835955	159	1
2	1.4582194148482344e-105	2.2259228849022445	1.647164497924832	2.775783719751215	-0.04576433481474251	4.46871255249079	635	2
3	8.598740884001752e-144	2.688970856419163	2.042889020156819	3.317864016168764	0.13042652613890193	5.230326510186681	870	3
