x.1_2	x.1_3	x.2_3	y.1_2	y.1_3	y.2_3	p.value.1_2	p.value.1_3	p.value.2_3
1	1	2	0.7820460431665475	0.7820460431665475	1.5743844271448137	NaN	NaN	NaN
1	1	2	3.477447700649248	3.477447700649248	3.477447700649248	NaN	NaN	NaN
1.5	2	2.5	3.477447700649248	3.477447700649248	3.477447700649248	5.006913328453772e-13	2.98223307115839e-36	1.7143961980042354e-12
2	3	3	3.477447700649248	3.477447700649248	3.477447700649248	NaN	NaN	NaN
2	3	3	1.5743844271448137	2.2881502737678368	2.2881502737678368	NaN	NaN	NaN
