x.1_2	x.1_3	x.2_3	y.1_2	y.1_3	y.2_3	p.value.1_2	p.value.1_3	p.value.2_3
1	1	2	1.4391203919027802	1.4391203919027802	1.5662736948683924	NaN	NaN	NaN
1	1	2	5.216475751940584	5.216475751940584	5.216475751940584	NaN	NaN	NaN
1.5	2	2.5	5.216475751940584	5.216475751940584	5.216475751940584	2.288508646865677e-49	4.25184376817644e-206	4.0147971684632796e-44
2	3	3	5.216475751940584	5.216475751940584	5.216475751940584	NaN	NaN	NaN
2	3	3	1.5662736948683924	1.7251651740720462	1.7251651740720462	NaN	NaN	NaN
