x.1_2	x.3_4	x.5_6	x.7_8	x.9_10	y.1_2	y.3_4	y.5_6	y.7_8	y.9_10	p.value.1_2	p.value.3_4	p.value.5_6	p.value.7_8	p.value.9_10
1	3	5	7	9	3.182603834170715	3.037479802309452	2.4733434292572163	1.5081428820280853	0.3024218107031589	NaN	NaN	NaN	NaN	NaN
1	3	5	7	9	6.157077266659315	6.157077266659315	6.157077266659315	6.157077266659315	6.157077266659315	NaN	NaN	NaN	NaN	NaN
1.5	3.5	5.5	7.5	9.5	6.157077266659315	6.157077266659315	6.157077266659315	6.157077266659315	6.157077266659315	5.677420033371995e-6	4.89749038228498e-5	0.006295933627606977	1.8344487676873327e-4	0.012462956096564486
2	4	6	8	10	6.157077266659315	6.157077266659315	6.157077266659315	6.157077266659315	6.157077266659315	NaN	NaN	NaN	NaN	NaN
2	4	6	8	10	3.182603834170715	3.037479802309452	2.4733434292572163	1.5081428820280853	0.3024218107031589	NaN	NaN	NaN	NaN	NaN
