sample	med	lq	uq	lw	uw	n	id
0	-2.87449385249683	-3.3873975305269717	-1.9737966791320183	-4.688341435462908	0.1466045979604118	222	1
3	-1.8665743956204854	-2.7155134111730517	-1.0883728563095254	-4.311157732956303	1.3523379759857639	224	2
10	-1.0345058494968544	-1.879873149907998	-0.16721711298514463	-3.858432454153345	2.2881502737678368	243	3
