x.1_2	x.1_3	x.2_3	y.1_2	y.1_3	y.2_3	p.value.1_2	p.value.1_3	p.value.2_3
1	1	2	0.7736810846967694	0.7736810846967694	3.3627806425367774	NaN	NaN	NaN
1	1	2	5.216475751940584	5.216475751940584	5.216475751940584	NaN	NaN	NaN
1.5	2	2.5	5.216475751940584	5.216475751940584	5.216475751940584	0.8252275119912398	4.3971624510148066e-14	0
2	3	3	5.216475751940584	5.216475751940584	5.216475751940584	NaN	NaN	NaN
2	3	3	3.3627806425367774	0.6875726782216185	0.6875726782216185	NaN	NaN	NaN
