x.1_2	x.1_3	x.2_3	y.1_2	y.1_3	y.2_3	p.value.1_2	p.value.1_3	p.value.2_3
1	1	2	0.20747121908989352	0.20747121908989352	4.401874723805343	NaN	NaN	NaN
1	1	2	6.157077266659315	6.157077266659315	6.157077266659315	NaN	NaN	NaN
1.5	2	2.5	6.157077266659315	6.157077266659315	6.157077266659315	0.926056094939834	5.783195024268457e-5	4.678437809909103e-140
2	3	3	6.157077266659315	6.157077266659315	6.157077266659315	NaN	NaN	NaN
2	3	3	4.401874723805343	1.4877463517740497	1.4877463517740497	NaN	NaN	NaN
