sample	med	lq	uq	lw	uw	n	id
0	1.4650219190478406	0.1731702052252827	2.77057899098449	-1.4536458806778738	4.622501913888005	211	1
3	2.984431922387021	2.365746420486361	3.678592259532427	0.39647766191726164	4.693668506871271	227	2
10	3.5562061218407024	3.214676196418135	4.088963179114918	1.9032457223729602	5.4003936531600925	243	3
