outlier.1	outlier.2	outlier.3	outlier.4	outlier.5	outlier.6	outlier.7	outlier.8	outlier.9	outlier.10
-1.0364949267864139	4.489143403043922	4.291652713613543	NaN	5.2786763055454395	-0.12398404137071273	0.29731468859528354	NaN	5.491423417167484	5.41395808949773
NaN	NaN	4.248134342990824	NaN	5.501678227461786	NaN	0.9154555844891772	NaN	5.820904470187013	NaN
NaN	NaN	4.602589207292174	NaN	5.302411106479956	NaN	NaN	NaN	5.521699844578292	NaN
NaN	NaN	-0.43561718715842	NaN	0.4270864222987085	NaN	NaN	NaN	5.776850979221063	NaN
NaN	NaN	-0.7070137103970286	NaN	NaN	NaN	NaN	NaN	5.716103903931485	NaN
NaN	NaN	NaN	NaN	NaN	NaN	NaN	NaN	NaN	NaN
