x.1_2	x.1_3	x.2_3	y.1_2	y.1_3	y.2_3	p.value.1_2	p.value.1_3	p.value.2_3
1	1	2	3.070544153578786	3.070544153578786	2.8721399859294348	NaN	NaN	NaN
1	1	2	4.361062514217501	4.361062514217501	4.361062514217501	NaN	NaN	NaN
1.5	2	2.5	4.361062514217501	4.361062514217501	4.361062514217501	4.838905555631488e-27	1.2267911851866554e-43	3.395254678708244e-9
2	3	3	4.361062514217501	4.361062514217501	4.361062514217501	NaN	NaN	NaN
2	3	3	2.8721399859294348	3.7488381142635774	3.7488381142635774	NaN	NaN	NaN
