outlier.1	outlier.2	outlier.3
-1.7483547573224647	3.5219591079170445	4.324478457088168
NaN	3.312387881322258	NaN
