x.1_2	x.1_3	x.2_3	y.1_2	y.1_3	y.2_3	p.value.1_2	p.value.1_3	p.value.2_3
1	1	2	1.823058101304665	1.823058101304665	4.0884025068752905	NaN	NaN	NaN
1	1	2	6.157077266659315	6.157077266659315	6.157077266659315	NaN	NaN	NaN
1.5	2	2.5	6.157077266659315	6.157077266659315	6.157077266659315	0.7042936658783183	8.522172253029177e-10	9.54187923404872e-204
2	3	3	6.157077266659315	6.157077266659315	6.157077266659315	NaN	NaN	NaN
2	3	3	4.0884025068752905	2.310091210359094	2.310091210359094	NaN	NaN	NaN
