x.1_2	x.1_3	x.2_3	y.1_2	y.1_3	y.2_3	p.value.1_2	p.value.1_3	p.value.2_3
1	1	2	-0.08070473550440271	-0.08070473550440271	0.08181323354676012	NaN	NaN	NaN
1	1	2	2.0514576034419094	2.0514576034419094	2.0514576034419094	NaN	NaN	NaN
1.5	2	2.5	2.0514576034419094	2.0514576034419094	2.0514576034419094	6.884854755605718e-11	1.1331921970970718e-27	1.6230556014818982e-6
2	3	3	2.0514576034419094	2.0514576034419094	2.0514576034419094	NaN	NaN	NaN
2	3	3	0.08181323354676012	0.6476596723533303	0.6476596723533303	NaN	NaN	NaN
