sample	p.value	med	lq	uq	lw	uw	n	id
1	1.3436790994877947e-12	0.23121825222740178	-0.004138293657439229	0.9085168980238629	-1.3731210811793926	2.0250647135923123	160	1
2	7.482583430415915e-78	0.7221649535643728	0.2107700846346492	1.410047356600639	-1.3140974040262146	3.2089632645496238	631	2
3	1.5077330134497749e-120	1.1440499852344288	0.44814169842337787	1.7852192535354792	-1.2662305513616672	3.790835586203631	856	3
