x.1_2	x.1_3	x.2_3	y.1_2	y.1_3	y.2_3	p.value.1_2	p.value.1_3	p.value.2_3
1	1	2	3.747143601803376	3.747143601803376	4.0884025068752905	NaN	NaN	NaN
1	1	2	6.157077266659315	6.157077266659315	6.157077266659315	NaN	NaN	NaN
1.5	2	2.5	6.157077266659315	6.157077266659315	6.157077266659315	0	0	6.785086303856295e-45
2	3	3	6.157077266659315	6.157077266659315	6.157077266659315	NaN	NaN	NaN
2	3	3	4.0884025068752905	3.8071356341640037	3.8071356341640037	NaN	NaN	NaN
