sample	med	lq	uq	lw	uw	n	id
0	0.880409118935038	-0.3115301088998928	1.4891263652507893	-2.373405885275657	3.070544153578786	217	1
3	1.7433326428038365	1.386521022362592	2.065705423777967	0.36774442023952947	2.8721399859294348	218	2
10	2.029999456473493	1.6923699632082472	2.2900941549132243	0.7957836756507815	3.1866804424706903	229	3
