x.1_2	x.3_4	x.5_6	x.7_8	x.9_10	y.1_2	y.3_4	y.5_6	y.7_8	y.9_10	p.value.1_2	p.value.3_4	p.value.5_6	p.value.7_8	p.value.9_10
1	3	5	7	9	0.2945292562282542	0.41243649642230307	0.5713279756259568	0.5089728217595231	0.24464120895934505	NaN	NaN	NaN	NaN	NaN
1	3	5	7	9	5.216475751940584	5.216475751940584	5.216475751940584	5.216475751940584	5.216475751940584	NaN	NaN	NaN	NaN	NaN
1.5	3.5	5.5	7.5	9.5	5.216475751940584	5.216475751940584	5.216475751940584	5.216475751940584	5.216475751940584	0.7538790526824066	0.9625257368112834	0.5976640188374289	0.05249918260499023	0.01261460941235186
2	4	6	8	10	5.216475751940584	5.216475751940584	5.216475751940584	5.216475751940584	5.216475751940584	NaN	NaN	NaN	NaN	NaN
2	4	6	8	10	0.2945292562282542	0.41243649642230307	0.5713279756259568	0.5089728217595231	0.24464120895934505	NaN	NaN	NaN	NaN	NaN
