x.1_2	x.1_3	x.2_3	y.1_2	y.1_3	y.2_3	p.value.1_2	p.value.1_3	p.value.2_3
1	1	2	0.3984784074054344	0.3984784074054344	1.7251651740720462	NaN	NaN	NaN
1	1	2	5.216475751940584	5.216475751940584	5.216475751940584	NaN	NaN	NaN
1.5	2	2.5	5.216475751940584	5.216475751940584	5.216475751940584	0.1560999136764569	0.01314835293589861	0.0015064404585796855
2	3	3	5.216475751940584	5.216475751940584	5.216475751940584	NaN	NaN	NaN
2	3	3	1.7251651740720462	0.8028528024461964	0.8028528024461964	NaN	NaN	NaN
