sample	med	lq	uq	lw	uw	n	id
0	1.4650219190478406	0.1731702052252827	2.77057899098449	-1.4536458806778738	4.622501913888005	211	1
3	2.746900354914489	1.834992953398926	3.6111059683957825	-0.35300262939553373	4.9539364141760185	216	2
10	3.1444453051344228	2.4601646579896013	3.6089515631292484	0.7369843002801306	4.713201959706843	236	3
