sample	p.value	med	lq	uq	lw	uw	n	id
mutA	2.384185791015623e-6	-0.4117677274967706	-0.6768608296691481	-0.29823677358308565	-1.2447969137982418	0.26969931054600804	29	1
mutB	1.4901161193847673e-8	-1.0752889525587834	-1.377369792441054	-0.7257376977236961	-2.0021321667003615	0.2517104443523407	28	2
mutAB	7.450580596923836e-9	-1.7457007721698088	-2.306036260283546	-1.1919792346712086	-2.9313977326350678	-0.3594338149093854	28	3
