outlier.1	outlier.2	outlier.3	outlier.4	outlier.5	outlier.6
NaN	NaN	NaN	NaN	NaN	NaN
NaN	NaN	-0.14729119887509334	NaN	NaN	-0.9670572438098535
NaN	NaN	NaN	NaN	NaN	1.651125199808884
NaN	NaN	NaN	NaN	NaN	1.3063018592358757
NaN	NaN	NaN	NaN	NaN	-1.0533487987248806
NaN	NaN	NaN	NaN	NaN	-1.3140974040262146
NaN	NaN	NaN	NaN	NaN	-0.9941993271826006
