x.1_2	x.1_3	x.2_3	y.1_2	y.1_3	y.2_3	p.value.1_2	p.value.1_3	p.value.2_3
1	1	2	4.622501913888005	4.622501913888005	4.9539364141760185	NaN	NaN	NaN
1	1	2	6.6345493630362595	6.6345493630362595	6.6345493630362595	NaN	NaN	NaN
1.5	2	2.5	6.6345493630362595	6.6345493630362595	6.6345493630362595	1.410771475107435e-15	8.802805533364995e-26	0.004657909008429339
2	3	3	6.6345493630362595	6.6345493630362595	6.6345493630362595	NaN	NaN	NaN
2	3	3	4.9539364141760185	4.713201959706843	4.713201959706843	NaN	NaN	NaN
