sample	med	lq	uq	lw	uw	n	id
0	-2.87449385249683	-3.3873975305269717	-1.9737966791320183	-4.688341435462908	0.1466045979604118	222	1
3	-2.057255401689257	-2.7239150564543886	-1.1920608281296468	-3.7846035371114954	1.1057205143574662	217	2
10	-1.2040445250065743	-1.9776666183851042	-0.25410004201573305	-3.5015012440807616	2.331249822538324	233	3
