x.1_2	x.1_3	x.2_3	y.1_2	y.1_3	y.2_3	p.value.1_2	p.value.1_3	p.value.2_3
1	1	2	3.3627806425367774	3.3627806425367774	2.021438907093682	NaN	NaN	NaN
1	1	2	5.216475751940584	5.216475751940584	5.216475751940584	NaN	NaN	NaN
1.5	2	2.5	5.216475751940584	5.216475751940584	5.216475751940584	8.616090917205262e-149	0	8.569860022414787e-280
2	3	3	5.216475751940584	5.216475751940584	5.216475751940584	NaN	NaN	NaN
2	3	3	2.021438907093682	2.6762541633818717	2.6762541633818717	NaN	NaN	NaN
