outlier.1	outlier.2	outlier.3	outlier.4
-0.9569100556013611	0.8464865517406179	NaN	1.6025150922871116
-1.1205040497518972	NaN	NaN	NaN
0.6527137799567497	NaN	NaN	NaN
NaN	NaN	NaN	NaN
