x.1_2	x.3_4	x.5_6	y.1_2	y.3_4	y.5_6	p.value.1_2	p.value.3_4	p.value.5_6
1	3	5	3.6964523962255784	3.1605207430062343	2.8470485260761818	NaN	NaN	NaN
1	3	5	6.179160357823796	6.179160357823796	6.179160357823796	NaN	NaN	NaN
1.5	3.5	5.5	6.179160357823796	6.179160357823796	6.179160357823796	0.7164916579573888	0.28010092940139	0.6492430620537567
2	4	6	6.179160357823796	6.179160357823796	6.179160357823796	NaN	NaN	NaN
2	4	6	3.6964523962255784	3.1605207430062343	2.8470485260761818	NaN	NaN	NaN
