outlier.1	outlier.2	outlier.3
1.2034652800067962	NaN	-0.567083249360963
1.094998129410264	NaN	NaN
-0.6727621976271951	NaN	NaN
1.1644573514443781	NaN	NaN
-0.8357216936648282	NaN	NaN
-1.7483547573224647	NaN	NaN
1.0731622886685281	NaN	NaN
NaN	NaN	NaN
