sample	TATA	Inr	Ypatch	med	lq	uq	lw	uw	n	id
WT	$-$	$-$	$-$	-3.483831762925069	-4.101456469697487	-3.422075583144698	-4.469452917520089	-3.086663453276984	10	1
+Inr	$-$	$+$	$-$	-3.182982840043277	-3.744214657665883	-2.9368231394172652	-4.4453660221020055	-2.463993707201822	9	2
+Ypatch	$-$	$-$	$+$	-3.0921437639269387	-3.646790407389606	-2.965564745888325	-3.8356449617937027	-2.3903050334125373	9	3
+TATA	$+$	$-$	$-$	-3.1922085384490764	-3.671625529026071	-2.704813694237462	-4.046350888705258	-1.254595942054548	10	4
+Inr+Ypatch	$-$	$+$	$+$	-3.242935537951625	-3.9527161180915202	-2.8298580695738584	-4.688341435462908	-2.4418963788862227	9	5
+TATA+Inr	$+$	$+$	$-$	-2.8252397285174196	-3.212620748700381	-2.3810916248047556	-3.777993910696639	-1.1337979389613173	10	6
+TATA+Ypatch	$+$	$-$	$+$	-2.8774795456796776	-3.113573304898536	-2.2930444607260627	-3.808692868080499	-1.062251194467353	9	7
+TATA+Inr+Ypatch	$+$	$+$	$+$	-2.3983973542113994	-3.027788125856454	-2.2819954877777606	-3.5794006776901353	-1.1633065306597208	9	8
