x.1_2	x.1_3	x.2_3	y.1_2	y.1_3	y.2_3	p.value.1_2	p.value.1_3	p.value.2_3
1	1	2	4.937806377024687	4.937806377024687	3.5641486163997054	NaN	NaN	NaN
1	1	2	6.157077266659315	6.157077266659315	6.157077266659315	NaN	NaN	NaN
1.5	2	2.5	6.157077266659315	6.157077266659315	6.157077266659315	3.842718832426095e-58	2.0888563382593438e-199	1.3440507191534996e-47
2	3	3	6.157077266659315	6.157077266659315	6.157077266659315	NaN	NaN	NaN
2	3	3	3.5641486163997054	4.528071164578735	4.528071164578735	NaN	NaN	NaN
