x.1_2	x.1_3	x.1_4	x.1_5	x.2_3	x.2_4	x.2_5	x.3_4	x.3_5	x.4_5	y.1_2	y.1_3	y.1_4	y.1_5	y.2_3	y.2_4	y.2_5	y.3_4	y.3_5	y.4_5	p.value.1_2	p.value.1_3	p.value.1_4	p.value.1_5	p.value.2_3	p.value.2_4	p.value.2_5	p.value.3_4	p.value.3_5	p.value.4_5
1	1	1	1	2	2	2	3	3	4	1.4274451632085965	1.4274451632085965	1.4274451632085965	1.4274451632085965	2.0450711162609903	2.0450711162609903	2.0450711162609903	2.6762541633818717	2.6762541633818717	2.367189508246968	NaN	NaN	NaN	NaN	NaN	NaN	NaN	NaN	NaN	NaN
1	1	1	1	2	2	2	3	3	4	5.216475751940584	5.216475751940584	5.216475751940584	5.216475751940584	5.216475751940584	5.216475751940584	5.216475751940584	5.216475751940584	5.216475751940584	5.216475751940584	NaN	NaN	NaN	NaN	NaN	NaN	NaN	NaN	NaN	NaN
1.5	2	2.5	3	2.5	3	3.5	3.5	4	4.5	5.216475751940584	5.216475751940584	5.216475751940584	5.216475751940584	5.216475751940584	5.216475751940584	5.216475751940584	5.216475751940584	5.216475751940584	5.216475751940584	7.997371533585842e-46	5.265011932025736e-47	7.430808966304959e-45	2.4077121878208084e-5	0.7449107056387168	0.7161018760327161	1.726701387265744e-17	0.9720635229271053	2.041460481705588e-18	1.5805758213215848e-17
2	3	4	5	3	4	5	4	5	5	5.216475751940584	5.216475751940584	5.216475751940584	5.216475751940584	5.216475751940584	5.216475751940584	5.216475751940584	5.216475751940584	5.216475751940584	5.216475751940584	NaN	NaN	NaN	NaN	NaN	NaN	NaN	NaN	NaN	NaN
2	3	4	5	3	4	5	4	5	5	2.0450711162609903	2.6762541633818717	2.367189508246968	3.3627806425367774	2.6762541633818717	2.367189508246968	3.3627806425367774	2.367189508246968	3.3627806425367774	3.3627806425367774	NaN	NaN	NaN	NaN	NaN	NaN	NaN	NaN	NaN	NaN
