x.1_2	x.1_3	x.2_3	y.1_2	y.1_3	y.2_3	p.value.1_2	p.value.1_3	p.value.2_3
1	1	2	4.622501913888005	4.622501913888005	4.9539364141760185	NaN	NaN	NaN
1	1	2	6.6345493630362595	6.6345493630362595	6.6345493630362595	NaN	NaN	NaN
1.5	2	2.5	6.6345493630362595	6.6345493630362595	6.6345493630362595	1.1512274434279484e-21	7.54638833384986e-49	7.23433094159722e-16
2	3	3	6.6345493630362595	6.6345493630362595	6.6345493630362595	NaN	NaN	NaN
2	3	3	4.9539364141760185	5.899258886334975	5.899258886334975	NaN	NaN	NaN
