x.1_2	x.3_4	x.5_6	x.7_8	x.9_10	y.1_2	y.3_4	y.5_6	y.7_8	y.9_10	p.value.1_2	p.value.3_4	p.value.5_6	p.value.7_8	p.value.9_10
1	3	5	7	9	2.8691316172406625	2.386217054053919	1.8817439581467512	1.7511388187879577	1.4637952555432043	NaN	NaN	NaN	NaN	NaN
1	3	5	7	9	6.157077266659315	6.157077266659315	6.157077266659315	6.157077266659315	6.157077266659315	NaN	NaN	NaN	NaN	NaN
1.5	3.5	5.5	7.5	9.5	6.157077266659315	6.157077266659315	6.157077266659315	6.157077266659315	6.157077266659315	2.598928989836317e-4	1.3306807024759354e-4	1.7954030780196582e-007	5.302004806739727e-9	7.819391297855497e-4
2	4	6	8	10	6.157077266659315	6.157077266659315	6.157077266659315	6.157077266659315	6.157077266659315	NaN	NaN	NaN	NaN	NaN
2	4	6	8	10	2.8691316172406625	2.386217054053919	1.8817439581467512	1.7511388187879577	1.4637952555432043	NaN	NaN	NaN	NaN	NaN
