outlier.1	outlier.2	outlier.3	outlier.4	outlier.5	outlier.6	outlier.7	outlier.8
-3.9517334073053045	NaN	-3.2103069655520966	-0.5425915035562143	NaN	NaN	NaN	NaN
-2.080170348683983	NaN	NaN	-2.3763833100451004	NaN	NaN	NaN	NaN
NaN	NaN	NaN	NaN	NaN	NaN	NaN	NaN
