x.1_2	x.1_3	x.2_3	y.1_2	y.1_3	y.2_3	p.value.1_2	p.value.1_3	p.value.2_3
1	1	2	3.070544153578786	3.070544153578786	3.1296045221663173	NaN	NaN	NaN
1	1	2	4.361062514217501	4.361062514217501	4.361062514217501	NaN	NaN	NaN
1.5	2	2.5	4.361062514217501	4.361062514217501	4.361062514217501	3.3024869142389194e-18	2.8864897767322717e-30	2.1053167068442122e-4
2	3	3	4.361062514217501	4.361062514217501	4.361062514217501	NaN	NaN	NaN
2	3	3	3.1296045221663173	3.3155889108597965	3.3155889108597965	NaN	NaN	NaN
