x.1_2	x.1_3	x.2_3	y.1_2	y.1_3	y.2_3	p.value.1_2	p.value.1_3	p.value.2_3
1	1	2	4.062638553494495	4.062638553494495	2.921419036300073	NaN	NaN	NaN
1	1	2	5.216475751940584	5.216475751940584	5.216475751940584	NaN	NaN	NaN
1.5	2	2.5	5.216475751940584	5.216475751940584	5.216475751940584	2.020154005921714e-72	0	1.6078586727976102e-235
2	3	3	5.216475751940584	5.216475751940584	5.216475751940584	NaN	NaN	NaN
2	3	3	2.921419036300073	3.4540190360747243	3.4540190360747243	NaN	NaN	NaN
