x.1_2	x.3_4	x.5_6	y.1_2	y.3_4	y.5_6	p.value.1_2	p.value.3_4	p.value.5_6
1	3	5	0.4838111932729374	2.1214266617376687	2.8212845726953866	NaN	NaN	NaN
1	3	5	6.179160357823796	6.179160357823796	6.179160357823796	NaN	NaN	NaN
1.5	3.5	5.5	6.179160357823796	6.179160357823796	6.179160357823796	0.30655284666005944	4.2643647958470504e-35	2.4154263767955624e-20
2	4	6	6.179160357823796	6.179160357823796	6.179160357823796	NaN	NaN	NaN
2	4	6	0.4838111932729374	2.1214266617376687	2.8212845726953866	NaN	NaN	NaN
