x.1_2	x.1_3	x.2_3	y.1_2	y.1_3	y.2_3	p.value.1_2	p.value.1_3	p.value.2_3
1	1	2	3.070544153578786	3.070544153578786	2.7669293163358075	NaN	NaN	NaN
1	1	2	4.361062514217501	4.361062514217501	4.361062514217501	NaN	NaN	NaN
1.5	2	2.5	4.361062514217501	4.361062514217501	4.361062514217501	2.162283608468573e-27	6.870008656831416e-44	2.827623116499156e-5
2	3	3	4.361062514217501	4.361062514217501	4.361062514217501	NaN	NaN	NaN
2	3	3	2.7669293163358075	3.2097007677955163	3.2097007677955163	NaN	NaN	NaN
