x.1_2	x.3_4	x.5_6	x.7_8	x.9_10	y.1_2	y.3_4	y.5_6	y.7_8	y.9_10	p.value.1_2	p.value.3_4	p.value.5_6	p.value.7_8	p.value.9_10
1	3	5	7	9	2.344877726765077	3.718535487390059	3.0772094783280544	2.1185924332741264	2.078453916908118	NaN	NaN	NaN	NaN	NaN
1	3	5	7	9	6.157077266659315	6.157077266659315	6.157077266659315	6.157077266659315	6.157077266659315	NaN	NaN	NaN	NaN	NaN
1.5	3.5	5.5	7.5	9.5	6.157077266659315	6.157077266659315	6.157077266659315	6.157077266659315	6.157077266659315	2.1303474055649094e-27	3.0814659837726733e-31	2.1520680601253264e-33	4.330162762907721e-30	2.6278865689814614e-30
2	4	6	8	10	6.157077266659315	6.157077266659315	6.157077266659315	6.157077266659315	6.157077266659315	NaN	NaN	NaN	NaN	NaN
2	4	6	8	10	2.344877726765077	3.718535487390059	3.0772094783280544	2.1185924332741264	2.078453916908118	NaN	NaN	NaN	NaN	NaN
