outlier.1	outlier.2	outlier.3	outlier.4	outlier.5	outlier.6	outlier.7	outlier.8	outlier.9	outlier.10	outlier.11	outlier.12	outlier.13	outlier.14	outlier.15	outlier.16	outlier.17	outlier.18	outlier.19
2.1706951814654225	2.5631788484424907	2.037376541820086	NaN	2.173883261563452	2.710496528331612	NaN	2.184645360827314	NaN	NaN	NaN	-1.4747641703882168	NaN	NaN	NaN	NaN	NaN	1.094295443473384	-1.2815173790397307
NaN	NaN	NaN	NaN	NaN	NaN	NaN	NaN	NaN	NaN	NaN	NaN	NaN	NaN	NaN	NaN	NaN	NaN	NaN
NaN	NaN	NaN	NaN	-0.36162402759745926	-0.5270540741954226	NaN	NaN	NaN	NaN	NaN	3.4348354747066603	NaN	NaN	NaN	NaN	NaN	NaN	1.3560280648855176
NaN	NaN	NaN	NaN	1.83994812984843	NaN	NaN	NaN	NaN	NaN	NaN	NaN	NaN	NaN	NaN	NaN	NaN	NaN	NaN
NaN	NaN	NaN	NaN	-0.2823078250602018	NaN	NaN	NaN	NaN	NaN	NaN	NaN	NaN	NaN	NaN	NaN	NaN	NaN	NaN
