x.1_2	x.1_3	x.2_3	y.1_2	y.1_3	y.2_3	p.value.1_2	p.value.1_3	p.value.2_3
1	1	2	-0.08070473550440271	-0.08070473550440271	0.5407836412418674	NaN	NaN	NaN
1	1	2	2.0514576034419094	2.0514576034419094	2.0514576034419094	NaN	NaN	NaN
1.5	2	2.5	2.0514576034419094	2.0514576034419094	2.0514576034419094	8.517023881830636e-26	2.0065718455131574e-50	5.37943584997376e-10
2	3	3	2.0514576034419094	2.0514576034419094	2.0514576034419094	NaN	NaN	NaN
2	3	3	0.5407836412418674	1.3683390195765308	1.3683390195765308	NaN	NaN	NaN
