x.1_2	x.1_3	x.2_3	y.1_2	y.1_3	y.2_3	p.value.1_2	p.value.1_3	p.value.2_3
1	1	2	-0.08070473550440271	-0.08070473550440271	0.7492491155050436	NaN	NaN	NaN
1	1	2	2.0514576034419094	2.0514576034419094	2.0514576034419094	NaN	NaN	NaN
1.5	2	2.5	2.0514576034419094	2.0514576034419094	2.0514576034419094	2.0270767596727056e-20	8.409035723648806e-48	6.529278026062912e-11
2	3	3	2.0514576034419094	2.0514576034419094	2.0514576034419094	NaN	NaN	NaN
2	3	3	0.7492491155050436	1.2231384401306722	1.2231384401306722	NaN	NaN	NaN
