y	promoters.At	promoters.Sb	promoters.Zm	genome.At	genome.Sb	genome.Zm
0	0.3194681970349115	0.4821369060324586	0.5152914380370639	0.3606	0.4384	0.4686
10	0.3194681970349115	0.4821369060324586	0.5152914380370639	0.3606	0.4384	0.4686
