x.1_2	x.3_4	x.5_6	x.7_8	x.9_10	y.1_2	y.3_4	y.5_6	y.7_8	y.9_10	p.value.1_2	p.value.3_4	p.value.5_6	p.value.7_8	p.value.9_10
1	3	5	7	9	0.2205882352941176	0.25588235294117645	0.2852941176470588	0.3205882352941176	0.5323529411764706	NaN	NaN	NaN	NaN	NaN
1	3	5	7	9	0.9088235294117647	0.9088235294117647	0.9088235294117647	0.9088235294117647	0.9088235294117647	NaN	NaN	NaN	NaN	NaN
1.5	3.5	5.5	7.5	9.5	0.9088235294117647	0.9088235294117647	0.9088235294117647	0.9088235294117647	0.9088235294117647	2.8516958148679273e-5	0.04701312748279903	0.06405202627104901	0.005492042368023075	3.1034214458484073e-7
2	4	6	8	10	0.9088235294117647	0.9088235294117647	0.9088235294117647	0.9088235294117647	0.9088235294117647	NaN	NaN	NaN	NaN	NaN
2	4	6	8	10	0.2205882352941176	0.25588235294117645	0.2852941176470588	0.3205882352941176	0.5323529411764706	NaN	NaN	NaN	NaN	NaN
