x.1_2	x.3_4	x.5_6	x.7_8	x.9_10	y.1_2	y.3_4	y.5_6	y.7_8	y.9_10	p.value.1_2	p.value.3_4	p.value.5_6	p.value.7_8	p.value.9_10
1	3	5	7	9	0.3558823529411764	0.4205882352941176	0.4794117647058824	0.538235294117647	0.7735294117647059	NaN	NaN	NaN	NaN	NaN
1	3	5	7	9	0.9088235294117647	0.9088235294117647	0.9088235294117647	0.9088235294117647	0.9088235294117647	NaN	NaN	NaN	NaN	NaN
1.5	3.5	5.5	7.5	9.5	0.9088235294117647	0.9088235294117647	0.9088235294117647	0.9088235294117647	0.9088235294117647	0.4653049196989406	0.4219328354880106	0.015580758796835003	0.006771807565127002	4.064786740652997e-8
2	4	6	8	10	0.9088235294117647	0.9088235294117647	0.9088235294117647	0.9088235294117647	0.9088235294117647	NaN	NaN	NaN	NaN	NaN
2	4	6	8	10	0.3558823529411764	0.4205882352941176	0.4794117647058824	0.538235294117647	0.7735294117647059	NaN	NaN	NaN	NaN	NaN
