x.1_2	x.3_4	x.5_6	x.7_8	x.9_10	y.1_2	y.3_4	y.5_6	y.7_8	y.9_10	p.value.1_2	p.value.3_4	p.value.5_6	p.value.7_8	p.value.9_10
1	3	5	7	9	0.31470588235294117	0.3735294117647059	0.4323529411764706	0.5088235294117647	0.761764705882353	NaN	NaN	NaN	NaN	NaN
1	3	5	7	9	0.9088235294117647	0.9088235294117647	0.9088235294117647	0.9088235294117647	0.9088235294117647	NaN	NaN	NaN	NaN	NaN
1.5	3.5	5.5	7.5	9.5	0.9088235294117647	0.9088235294117647	0.9088235294117647	0.9088235294117647	0.9088235294117647	1.4299805471460983e-6	0.022664163296602785	0.0037521975825108543	0.014667274992393458	2.0573534586094183e-14
2	4	6	8	10	0.9088235294117647	0.9088235294117647	0.9088235294117647	0.9088235294117647	0.9088235294117647	NaN	NaN	NaN	NaN	NaN
2	4	6	8	10	0.31470588235294117	0.3735294117647059	0.4323529411764706	0.5088235294117647	0.761764705882353	NaN	NaN	NaN	NaN	NaN
