term_id	term_name	p_Zm	p_Sb	p_At	ns_Zm	ns_Sb	ns_At
GO:0005576	extracellular region	23.188949916829696	21.56961256181111	NaN	NaN	NaN	0.02396887595165871
GO:0000786	nucleosome	9.272031862029964	8.62724641955292	NaN	NaN	NaN	-0
GO:0006950	response to stress	14.796517575798475	4.425181567326405	1.6586015216185892	NaN	NaN	NaN
GO:0016491	oxidoreductase activity	16.017174548716724	7.790102761189588	NaN	NaN	NaN	-0
GO:0051082	unfolded protein binding	12.214615218354107	3.3911533769718516	NaN	NaN	NaN	-0
