term_id	term_name	p_Zm	p_Sb	p_At	ns_Zm	ns_Sb	ns_At
GO:0009579	thylakoid	9.697803580836535	6.208906322456594	1.5140701245459642	NaN	NaN	NaN
GO:0009536	plastid	3.7048456423942	3.4684281652821074	NaN	NaN	NaN	1.0294763926967716
GO:0015979	photosynthesis	14.308736472990898	3.0106970718901325	2.274833797233079	NaN	NaN	NaN
