sample	p.value	med	lq	uq	lw	uw	n	id
TCP(15)	0.8524555477779363	-0.07976619874893576	-0.2523088351920172	0.38839991526938855	-0.7878528077646512	1.2204044265556286	35	1
TCP(22)	0.1375181004405022	-0.2800816657527938	-0.5228459020823826	0.17924883351084886	-1.258428421209682	1.0246029977039965	28	2
WRKY	7.30896612247032e-4	0.39340767887414607	-0.15721105880241715	0.6807355355362412	-1.2255976804125472	1.4304963011364398	59	3
