x.1_2	x.3_4	x.5_6	x.7_8	x.9_10	y.1_2	y.3_4	y.5_6	y.7_8	y.9_10	p.value.1_2	p.value.3_4	p.value.5_6	p.value.7_8	p.value.9_10
1	3	5	7	9	3.825192849404243	3.740224882936086	4.217188445392198	4.264186424716344	4.308329656605478	NaN	NaN	NaN	NaN	NaN
1	3	5	7	9	7.096737078255943	7.096737078255943	7.096737078255943	7.096737078255943	7.096737078255943	NaN	NaN	NaN	NaN	NaN
1.5	3.5	5.5	7.5	9.5	7.096737078255943	7.096737078255943	7.096737078255943	7.096737078255943	7.096737078255943	5.5019360370005726e-14	2.0042327742349186e-17	3.014295654494452e-6	3.65823479030522e-5	4.777546682088037e-6
2	4	6	8	10	7.096737078255943	7.096737078255943	7.096737078255943	7.096737078255943	7.096737078255943	NaN	NaN	NaN	NaN	NaN
2	4	6	8	10	3.825192849404243	3.740224882936086	4.217188445392198	4.264186424716344	4.308329656605478	NaN	NaN	NaN	NaN	NaN
