x.1_2	x.3_4	x.5_6	x.7_8	x.9_10	y.1_2	y.3_4	y.5_6	y.7_8	y.9_10	p.value.1_2	p.value.3_4	p.value.5_6	p.value.7_8	p.value.9_10
1	3	5	7	9	3.058961068396497	4.966664221075714	3.731613155459495	3.772161196912735	2.5027104182330975	NaN	NaN	NaN	NaN	NaN
1	3	5	7	9	7.096737078255943	7.096737078255943	7.096737078255943	7.096737078255943	7.096737078255943	NaN	NaN	NaN	NaN	NaN
1.5	3.5	5.5	7.5	9.5	7.096737078255943	7.096737078255943	7.096737078255943	7.096737078255943	7.096737078255943	1.624059048613467e-6	0.00255896143227559	0.6525158080867636	4.552540232362568e-4	0.6463129599814064
2	4	6	8	10	7.096737078255943	7.096737078255943	7.096737078255943	7.096737078255943	7.096737078255943	NaN	NaN	NaN	NaN	NaN
2	4	6	8	10	3.058961068396497	4.966664221075714	3.731613155459495	3.772161196912735	2.5027104182330975	NaN	NaN	NaN	NaN	NaN
