x.1_2	x.3_4	x.5_6	x.7_8	x.9_10	y.1_2	y.3_4	y.5_6	y.7_8	y.9_10	p.value.1_2	p.value.3_4	p.value.5_6	p.value.7_8	p.value.9_10
1	3	5	7	9	3.582792356222843	3.084483709399518	3.826789181472065	4.593220784627313	4.4079089162567815	NaN	NaN	NaN	NaN	NaN
1	3	5	7	9	7.096737078255943	7.096737078255943	7.096737078255943	7.096737078255943	7.096737078255943	NaN	NaN	NaN	NaN	NaN
1.5	3.5	5.5	7.5	9.5	7.096737078255943	7.096737078255943	7.096737078255943	7.096737078255943	7.096737078255943	0.09429051899052068	9.735506538590202e-4	4.766842565123614e-12	4.195437659229592e-25	5.856279931064231e-24
2	4	6	8	10	7.096737078255943	7.096737078255943	7.096737078255943	7.096737078255943	7.096737078255943	NaN	NaN	NaN	NaN	NaN
2	4	6	8	10	3.582792356222843	3.084483709399518	3.826789181472065	4.593220784627313	4.4079089162567815	NaN	NaN	NaN	NaN	NaN
