pos	IC_1	IC_2	IC_3	IC_4	base_1	base_2	base_3	base_4
1	0	0	0.22499626305860765	1.1249813152930384	C	T	A	G
2	0	0	0	2	A	C	G	T
3	0	0	0	2	A	C	G	T
4	0	0.12472847210202953	0.12472847210202953	0.4989138884081181	C	G	T	A
5	0	0	0	2	A	G	T	C
6	0	0	0	2	A	G	T	C
7	0	0	0	2	C	G	T	A
8	0	0.12472847210202953	0.12472847210202953	0.4989138884081181	G	A	T	C
