pos	IC_1	IC_2	IC_3	IC_4	base_1	base_2	base_3	base_4
1	0.009231573419681649	0.0365705118576216	0.04967406562734568	1.4964022806900874	C	A	T	G
2	8.212056701442857e-4	8.212056701442857e-4	0.001377261364862465	1.9781768804441977	A	C	T	G
3	8.161747297707957e-4	8.161747297707957e-4	0.003854760759242954	1.9635720678437523	A	C	T	G
4	0.009655693497868954	0.0383902408223568	0.13429132425596288	1.070076770508306	G	T	C	A
5	8.054128103583015e-4	0.0032964603926968847	0.006802775027899672	1.932190772715112	G	T	A	C
6	8.044289144033583e-4	0.0037992857408281774	0.006794464726962986	1.9293236773820273	T	A	G	C
7	7.350798190064401e-4	0.0060484846465553325	0.0678637567245741	1.6468516520716445	C	T	G	A
8	0.012052409423093526	0.03093250008349627	0.09878005332731739	1.274277829665052	A	G	T	C
