pos	IC_1	IC_2	IC_3	IC_4	base_1	base_2	base_3	base_4
1	0	0	0.27462122077586215	0.9611742727155176	A	C	T	G
2	0	0	0	2	A	C	G	T
3	0	0	0	2	A	C	G	T
4	0	0	0	2	A	C	G	T
5	0	0	0	2	A	C	G	T
6	0	0	0	2	A	G	T	C
7	0	0	0	2	A	G	T	C
8	0	0.07203954276073417	0.21611862828220252	0.3601977138036709	A	G	C	T
