pos	IC_1	IC_2	IC_3	IC_4	base_1	base_2	base_3	base_4
1	0.04196175288247374	0.04196175288247374	0.04196175288247374	0.14686613508865806	A	C	G	T
2	0	0	0	2	A	C	T	G
3	0	0	0	2	A	C	G	T
4	0	0	0	2	A	C	T	G
5	0	0	0	2	C	G	T	A
6	0	0	0	2	A	G	T	C
7	0	0	0.4635104067300344	0.5407621411850401	A	G	T	C
