pos	IC_1	IC_2	IC_3	IC_4	base_1	base_2	base_3	base_4
1	0.017212203246896828	0.034424406493793656	0.045899208658391547	0.07458621406988626	C	A	G	T
2	0.00964844171519464	0.06753909200636249	0.0964844171519464	0.1157813005823357	G	A	C	T
3	0.005502046625009749	0.006419054395844707	0.006419054395844707	0.00917007770834958	G	A	T	C
4	7.486192042847506e-4	7.486192042847506e-4	8.555648048968578e-4	8.555648048968578e-4	A	G	C	T
5	0.012127386620194615	0.028297235447120764	0.040424622067315376	0.040424622067315376	G	C	A	T
6	0.010088675483291872	0.0706207283830431	0.09079807934962685	0.13115278128279434	G	A	T	C
7	0.024601545185650588	0.03280206024753411	0.07380463555695176	0.1148072108663694	G	C	A	T
8	0.0068807539284795995	0.0068807539284795995	0.009174338571306132	0.011467923214132664	A	G	T	C
9	0	0	0.059638589989382255	1.7295191096920854	A	G	C	T
10	0	0	0.059638589989382255	1.7295191096920854	C	G	T	A
11	0	0	0.059638589989382255	1.7295191096920854	A	G	C	T
12	0	0	0.10977604433190523	1.5368646206466734	C	G	T	A
13	0	0	0.41161976221813257	0.6174296433271989	C	G	T	A
14	0	0	0.059638589989382255	1.7295191096920854	C	G	T	A
15	0.023412459007310763	0.023412459007310763	0.23412459007310762	0.42142426213159373	C	G	A	T
16	0.034258202387835765	0.034258202387835765	0.13703280955134306	0.8221968573080585	C	T	G	A
17	0.014064013656550035	0.03281603186528341	0.03750403641746676	0.05625605462620014	T	G	A	C
18	0.011947455443856721	0.047789821775426886	0.05376354949735524	0.06571100494121196	T	G	C	A
19	0.007076044496989471	0.00990646229578526	0.011321671195183155	0.014152088993978943	A	T	G	C
20	0.01173598527447303	0.058679926372365146	0.12909583801920332	0.1525678085681494	T	G	C	A
21	0.019309504857199112	0.03218250809533185	0.05792851457159733	0.08367452104786281	G	T	C	A
22	0.018300481173263394	0.045751202933158486	0.08235216527968527	0.12810336821284377	T	G	C	A
23	0.014064013656550058	0.032816031865283465	0.037504036417466816	0.05625605462620023	T	C	G	A
