pos	IC_1	IC_2	IC_3	IC_4	base_1	base_2	base_3	base_4
1	0.0111045084051464	0.0194328897090062	0.0222090168102928	0.030537398114152597	G	C	T	A
2	0.002020380907142538	0.0026938412095233845	0.0026938412095233845	0.0026938412095233845	A	C	G	T
3	0.011269362459065964	0.05071213106579684	0.05071213106579684	0.05634681229532982	G	C	T	A
4	0.0200413266714818	0.0400826533429636	0.04676309556679086	0.09352619113358172	C	G	T	A
5	0.0111045084051464	0.0194328897090062	0.0222090168102928	0.030537398114152597	G	A	T	C
6	0.0032257773563694418	0.0037634069157643484	0.004301036475159255	0.004838666034554162	A	T	G	C
7	0.0051791534397892525	0.008286645503662805	0.008286645503662805	0.009322476191620655	G	C	T	A
8	0.011261501175398503	0.06756900705239102	0.10135351057858652	0.15766101645557903	T	A	G	C
9	0	0	0	2	A	C	G	T
10	0	0	0.10977604433190523	1.5368646206466734	C	G	T	A
11	0	0	0.059638589989382255	1.7295191096920854	A	G	C	T
12	0	0	0	2	C	G	T	A
13	0	0	0.41161976221813257	0.6174296433271989	C	G	A	T
14	0	0	0	2	C	G	T	A
15	0	0	0.25561438102252754	1.0224575240901101	C	G	A	T
16	0	0.038268914026098895	0.19134457013049447	0.9184539366263735	G	C	T	A
17	0	0.10951817104237875	0.13689771380297344	0.5749703979724884	C	A	T	G
18	0	0.04417733589508479	0.1325320076852544	1.1486107332722046	C	A	G	T
19	0.012118240077999064	0.0727094404679944	0.09694592062399252	0.18177360116998598	C	A	G	T
20	0	0	0.385704644015568	0.6662171123905265	A	C	G	T
21	0	0.0755765102373904	0.2456236582715188	0.2456236582715188	A	C	G	T
22	0	0	0.41161976221813257	0.6174296433271989	A	C	G	T
23	0.01663483070718869	0.08317415353594344	0.09980898424313214	0.2994269527293964	A	G	C	T
