pos	IC_1	IC_2	IC_3	IC_4	base_1	base_2	base_3	base_4
1	0	0	0.41161976221813257	0.6174296433271989	A	G	T	C
2	0	0	0.3730761806185781	0.6928557640059309	A	G	C	T
3	0	0	0.4532514957054863	0.5539740503067055	A	G	C	T
4	0	0	0.4532514957054863	0.5539740503067055	A	G	T	C
5	0	0	0	2	A	C	G	T
6	0	0	0	2	A	G	T	C
7	0	0	0	2	C	G	T	A
8	0	0	0.4532514957054863	0.5539740503067055	A	G	C	T
9	0	0	0.4532514957054863	0.5539740503067055	A	G	C	T
10	0	0	0.3730761806185781	0.6928557640059309	A	G	C	T
