pos	IC_1	IC_2	IC_3	IC_4	base_1	base_2	base_3	base_4
1	0	0	0.39208724890313806	0.6534787481718968	C	G	T	A
2	0	0	0.18205444460005044	1.274381112200353	C	T	G	A
3	0	0	0	2	A	C	G	T
4	0	0	0	2	A	C	G	T
5	0	0.125	0.125	0.25	C	A	T	G
6	0	0	0.39208724890313806	0.6534787481718968	A	G	T	C
7	0	0	0	2	A	G	T	C
8	0	0	0	2	A	G	T	C
9	0	0	0	2	C	G	T	A
10	0	0	0	2	A	G	T	C
