pos	IC_1	IC_2	IC_3	IC_4	base_1	base_2	base_3	base_4
1	0.0289667509670304	0.043450126450545606	0.1158670038681216	0.2462173832197584	G	T	A	C
2	0	0.10709816343998721	0.15299737634283886	0.19889658924569054	T	A	C	G
3	0	0	0	2	A	C	G	T
4	0	0.0862677163926074	0.20704251934225779	0.22429606262077925	T	A	C	G
5	0.029816896801173047	0.059633793602346094	0.11926758720469219	0.6857886264269801	G	A	T	C
6	0	0	0	2	C	G	T	A
7	0	0	0	2	C	G	T	A
8	0	0.052665799943730406	0.052665799943730406	1.4746423984244512	G	A	T	C
9	0	0	0.059638589989382255	1.7295191096920854	A	C	G	T
10	0	0	0.19113206579294595	1.2423584276541488	C	G	T	A
11	0	0	0	2	A	C	G	T
12	0	0	0	2	C	G	T	A
13	0	0	0.3356127302307922	0.7830963705385151	C	G	T	A
14	0	0	0.10977604433190523	1.5368646206466734	C	T	G	A
15	0	0.03225772001122045	0.2580617600897636	0.6774121202356295	C	G	A	T
16	0.018300481173263394	0.045751202933158486	0.08235216527968527	0.12810336821284377	T	C	G	A
17	0.015356065532898457	0.030712131065796913	0.04606819659869536	0.061424262131593826	A	T	G	C
18	0.014767142865445582	0.022150714298168374	0.029534285730891164	0.04430142859633675	T	G	A	C
19	0.01804559078359471	0.02706838617539207	0.03157978387129075	0.05864817004668282	T	G	A	C
20	0.014354067075362797	0.017224880490435357	0.020095693905507916	0.034449760980870714	T	A	G	C
21	0.02709444906911512	0.02709444906911512	0.05418889813823024	0.09483057174190292	A	T	G	C
22	0.018045590783594682	0.027068386175392024	0.03157978387129069	0.05864817004668272	A	G	T	C
23	0.028960251309493222	0.03620031413686653	0.04344037696423984	0.10860094241059959	T	A	G	C
