pos	IC_1	IC_2	IC_3	IC_4	base_1	base_2	base_3	base_4
1	0	0	0.234300914633711	1.0934042682906513	C	T	G	A
2	0	0	0	2	A	C	T	G
3	0	0	0	2	A	C	G	T
4	0	0	0	2	A	G	T	C
5	0	0	0	2	C	G	T	A
6	0	0	0	2	C	G	T	A
7	0.0425175405175141	0.0425175405175141	0.12755262155254232	0.5102104862101693	G	T	C	A
