pos	IC_1	IC_2	IC_3	IC_4	base_1	base_2	base_3	base_4
1	0.05089061720392218	0.05089061720392218	0.10178123440784435	0.5597967892431439	C	G	A	T
2	0	0.029692428706717983	0.2969242870671798	0.5641561454276417	C	G	T	A
3	0	0.0862677163926074	0.20704251934225779	0.22429606262077925	A	G	C	T
4	0.023203698315438795	0.04640739663087759	0.16242588820807158	0.4640739663087759	G	C	T	A
5	0	0.08359766864880455	0.18809475445981025	0.3552900917574194	G	C	T	A
6	0	0.11955901218562212	0.11955901218562212	0.6575745670209217	C	G	T	A
7	0.0032257773563694418	0.0037634069157643484	0.004301036475159255	0.004838666034554162	G	C	A	T
