pos	IC_1	IC_2	IC_3	IC_4	base_1	base_2	base_3	base_4
1	0.022699841513086492	0.029124845512758714	0.05606821257148661	1.4197533821439272	C	T	A	G
2	0.016885609931538557	0.03721223506467548	0.039275826980216935	1.4960095704513898	C	G	T	A
3	0.016447625739829955	0.03187974079400915	0.08874990153643492	1.2832375599804848	C	G	T	A
4	0.038188461923503336	0.04147272313872286	0.0592246731700356	0.1710203348748344	A	T	C	G
5	0.017745039459887754	0.018833783091130415	0.022979176820662514	0.042771366616542704	T	G	A	C
6	0.024683673626044792	0.042480877926530027	0.12437189504608183	0.9354975313316988	G	C	A	T
7	0.011096667649776328	0.023609943851914162	0.032284438981691914	1.6360437910897605	C	G	A	T
8	0.0020235709380772337	0.013802533574124212	0.01449536343188816	1.8284916554881858	A	T	G	C
9	0.01081085911440935	0.04972092970124761	0.15166936399909245	0.8626410113056693	A	G	C	T
10	0.011239632176781955	0.03430763890992977	0.1766773797114497	0.8624149578678478	T	C	G	A
11	0.011855885254543433	0.013735155226979488	0.03372059911853137	1.6775367672341357	C	T	A	G
12	0.01754527605155751	0.03278381899649823	0.03700051103846135	1.526820294818345	C	T	G	A
13	0.03976145293396096	0.07002029078016742	0.08105195081095946	0.8260619442767452	C	G	T	A
