pos	IC_1	IC_2	IC_3	IC_4	base_1	base_2	base_3	base_4
1	0.009865115748672545	0.01807812875067698	0.21481938204517328	0.8593681233247993	G	C	A	T
2	0.0038653884515862536	0.09467235256815892	0.13028318413792794	0.23935769232590465	C	G	A	T
3	0.02536940969472234	0.031091553195140786	0.07603030440651844	0.11325038407094383	T	C	G	A
4	0.00310874501421326	0.007764109400377221	0.04095271267656558	1.7317343470093285	G	T	A	C
5	0.0029231998864774674	0.010608578195785475	0.4011759076201519	0.48209603195431955	A	C	T	G
6	0.007108677176136167	0.007463622715398035	0.03461563231847348	1.7365846628910941	C	A	G	T
7	0.016316877741519176	0.045262628558795766	0.1881765582938156	0.42817108307213875	T	C	A	G
8	0.014428797649744626	0.019307259331467104	0.030054750731195474	0.039699511275704834	G	C	A	T
9	0.008760965763528172	0.013816985631512645	0.013854254544216491	0.019780332075594844	C	T	G	A
10	0.004726519217549917	0.005465025191947529	0.006885278557690491	0.007612634775201591	C	T	A	G
11	0.008463470847936623	0.009977967040158351	0.011063885180024961	0.0163461276719944	G	C	T	A
12	0.022128234144812124	0.04104894192952934	0.054283467459905754	0.1102047135727006	C	G	T	A
13	0.023047281074678534	0.059662817942612315	0.08675221526882436	0.21358047152022822	A	T	G	C
14	0.007862869169350289	0.029280034144949233	0.05228738345965746	1.531506428717568	G	C	T	A
15	0.01760432473300079	0.018064553502862204	0.250607311323101	0.5740770799598568	G	T	C	A
16	0.003912317826379889	0.020610181928397215	0.040690615995477956	1.6572082572167877	C	A	T	G
