pos	IC_1	IC_2	IC_3	IC_4	base_1	base_2	base_3	base_4
1	0.0492898997373665	0.07188053367068176	0.07863486099442538	0.5957011065952044	A	G	C	T
2	0.02710521728084627	0.07840978581935834	0.09808851903929981	0.7255897190527285	C	A	T	G
3	5.294709844727854e-4	0.004586920596555842	0.018910434404005867	1.8669411648002652	C	A	T	G
4	0.00287188859002727	0.010056021003669658	0.022828261223518317	1.8021349017715922	C	T	A	G
5	0.020188901897685678	0.04813229498718845	0.07012194544454292	0.1339683486270306	C	T	A	G
6	0.005269229732039456	0.03339841534247661	0.13284123705568296	1.157628000869102	G	A	T	C
7	7.120912603872124e-4	0.0012524894057699524	0.0016417659614482952	1.974424932225762	A	T	G	C
8	8.470263934855182e-4	0.002432320622859937	0.035223210074778306	1.804862825902387	G	A	T	C
9	0.0011803128687820613	0.010850537426924716	0.08031224764638725	1.5626106132375868	T	C	G	A
10	0.007106388152636163	0.033827325815259934	0.07555778346834763	1.4037216015746155	A	G	T	C
