pos	IC_1	IC_2	IC_3	IC_4	base_1	base_2	base_3	base_4
1	0	0	0	2	A	C	T	G
2	0	0	0	2	A	C	G	T
3	0	0	0	2	A	C	T	G
4	0	0	0	2	A	C	G	T
5	0	0	0.2011896030596675	1.207137618358005	C	T	A	G
6	0	0	0.32482269469524827	0.8120567367381207	A	G	T	C
7	0	0	0.2011896030596675	1.207137618358005	G	T	A	C
8	0	0	0	2	A	G	T	C
9	0	0	0.2011896030596675	1.207137618358005	A	G	C	T
10	0	0.12666951215347919	0.12666951215347919	0.1900042682302188	C	A	G	T
