pos	IC_1	IC_2	IC_3	IC_4	base_1	base_2	base_3	base_4
1	0	0	0.29718046888521676	0.8915414066556503	A	G	T	C
2	0	0	0.20852395429253995	1.1816357409910598	A	G	T	C
3	0	0	0.3356127302307922	0.7830963705385151	A	G	T	C
4	0	0	0.5	0.5	A	G	C	T
5	0	0	0.25561438102252754	1.0224575240901101	A	G	T	C
6	0	0	0.20852395429253995	1.1816357409910598	A	G	T	C
7	0	0	0.25561438102252754	1.0224575240901101	A	G	T	C
8	0	0	0.20852395429253995	1.1816357409910598	A	G	T	C
