pos	IC_1	IC_2	IC_3	IC_4	base_1	base_2	base_3	base_4
1	0	0	0	2	A	C	T	G
2	0	0	0	2	C	G	T	A
3	0	0	0	2	A	C	T	G
4	0	0	0	2	C	G	T	A
5	0	0	0.25561438102252754	1.0224575240901101	C	G	T	A
6	0	0	0	2	C	G	T	A
7	0	0.04778301644823649	0.3105896069135372	0.35837262336177367	C	G	T	A
